cdm_id,fy1c_norad_id,other_norad_id,other_name,other_type,miss_distance_km,collision_probability,fy_perigee,fy_apogee,fy_inclination,other_perigee,other_apogee,other_inclination,other_country
1394976399,37928,30391,FENGYUN 1C DEB,DEBRIS,178.0,0.0001144851,714.958,817.446,98.9013,784.526,887.381,98.7631,PRC
1396064733,37918,30895,FENGYUN 1C DEB,DEBRIS,154.0,0.0001143261,736.298,813.992,99.0465,629.905,940.875,98.6969,PRC
1396373430,30706,12713,COSMOS 1275 DEB,DEBRIS,12.0,0.0008556953,781.56,821.769,99.0572,775.254,794.503,82.9468,CIS
1395416615,30706,12713,COSMOS 1275 DEB,DEBRIS,208.0,0.000207468,781.56,821.769,99.0572,775.254,794.503,82.9468,CIS
1397009870,30467,54446,CZ-6A DEB,DEBRIS,48.0,0.00013396,785.585,879.931,98.6612,810.033,1112.924,98.8369,PRC
1395430391,31239,38285,METEOR 2-17 DEB,DEBRIS,418.0,0.0001003549,822.743,895.539,98.7667,888.185,906.468,82.5429,CIS
1396036053,31239,38285,METEOR 2-17 DEB,DEBRIS,392.0,0.000104771,822.743,895.539,98.7667,888.185,906.468,82.5429,CIS
1396372350,30248,4071,SL-8 R/B,ROCKET BODY,333.0,0.0001840101,656.027,696.881,99.0966,661.379,682.126,74.05,CIS
1395415426,30248,4071,SL-8 R/B,ROCKET BODY,305.0,0.0001008424,656.027,696.881,99.0966,661.379,682.126,74.05,CIS
1396051526,30248,4071,SL-8 R/B,ROCKET BODY,135.0,0.0001520598,656.027,696.881,99.0966,661.379,682.126,74.05,CIS
1397058312,30064,61381,CZ-6A DEB,DEBRIS,91.0,0.0002044145,796.328,892.534,98.6569,785.069,874.572,88.9757,PRC
1396471121,30064,61381,CZ-6A DEB,DEBRIS,168.0,0.0001000877,796.328,892.534,98.6569,785.069,874.572,88.9757,PRC
1395494361,30064,61381,CZ-6A DEB,DEBRIS,163.0,0.0002500034,796.328,892.534,98.6569,785.069,874.572,88.9757,PRC
1396404441,47100,8458,COSMOS 783,PAYLOAD,551.0,0.0001889775,652.934,771.308,99.0224,770.632,787.718,74.0587,CIS
1395414360,29791,28479,SHIYAN 2 (SY-2),PAYLOAD,392.0,0.0001560269,665.012,718.479,99.0319,665.106,679.747,98.0589,PRC
1396371324,29791,28479,SHIYAN 2 (SY-2),PAYLOAD,702.0,0.0001264777,665.012,718.479,99.0319,665.106,679.747,98.0589,PRC
1398936290,33665,1272,PORCUPINE 1,PAYLOAD,60.0,0.0002727974,550.098,1205.174,99.034,896.538,929.059,70.0805,US
1398017530,33665,1272,PORCUPINE 1,PAYLOAD,17.0,0.0002211835,550.098,1205.174,99.034,896.538,929.059,70.0805,US
1396961959,33665,1272,PORCUPINE 1,PAYLOAD,106.0,0.000123522,550.098,1205.174,99.034,896.538,929.059,70.0805,US
1397341412,33665,1272,PORCUPINE 1,PAYLOAD,180.0,0.0001605581,550.098,1205.174,99.034,896.538,929.059,70.0805,US
1396939951,30549,446,ANNA 1B,PAYLOAD,206.0,0.0005736335,686.95,1102.129,98.4891,1073.886,1179.327,50.1401,US
1397336423,30549,446,ANNA 1B,PAYLOAD,179.0,0.0008083595,686.95,1102.129,98.4891,1073.886,1179.327,50.1401,US
1399567181,30549,446,ANNA 1B,PAYLOAD,181.0,0.001066252,686.95,1102.129,98.4891,1073.886,1179.327,50.1401,US
1398012615,30549,446,ANNA 1B,PAYLOAD,84.0,0.0009663949,686.95,1102.129,98.4891,1073.886,1179.327,50.1401,US
1398936102,30549,446,ANNA 1B,PAYLOAD,83.0,0.001061826,686.95,1102.129,98.4891,1073.886,1179.327,50.1401,US
1395416240,30549,446,ANNA 1B,PAYLOAD,775.0,0.0002891584,686.95,1102.129,98.4891,1073.886,1179.327,50.1401,US
1396373097,30549,446,ANNA 1B,PAYLOAD,865.0,0.0003200779,686.95,1102.129,98.4891,1073.886,1179.327,50.1401,US
1399648603,37928,55551,CZ-6A DEB,DEBRIS,109.0,0.0002621112,714.958,817.446,98.9013,646.334,798.889,98.6091,PRC
1400085498,37928,55551,CZ-6A DEB,DEBRIS,122.0,0.0001101972,714.958,817.446,98.9013,646.334,798.889,98.6091,PRC
1397014426,37928,55551,CZ-6A DEB,DEBRIS,281.0,0.0001066684,714.958,817.446,98.9013,646.334,798.889,98.6091,PRC
1399565644,29938,29215,CZ-4B DEB,DEBRIS,149.0,0.0001465953,844.362,891.235,98.8146,840.955,1201.339,98.7356,PRC
1397334871,29938,29215,CZ-4B DEB,DEBRIS,210.0,0.0002016749,844.362,891.235,98.8146,840.955,1201.339,98.7356,PRC
1398011122,29938,29215,CZ-4B DEB,DEBRIS,154.0,0.0002763519,844.362,891.235,98.8146,840.955,1201.339,98.7356,PRC
1397356107,30503,41410,NOAA 16 DEB,DEBRIS,311.0,0.0001779331,832.071,843.811,99.1937,810.123,837.732,98.6953,US
1396976777,30503,41410,NOAA 16 DEB,DEBRIS,311.0,0.000156376,832.071,843.811,99.1937,810.123,837.732,98.6953,US
1396391841,30503,41410,NOAA 16 DEB,DEBRIS,120.0,0.000138343,832.071,843.811,99.1937,810.123,837.732,98.6953,US
1400693183,30234,41138,NOAA 16 DEB,DEBRIS,70.0,0.0008859209,787.439,883.068,98.6292,793.64,812.168,98.7004,US
1400076238,30234,41138,NOAA 16 DEB,DEBRIS,150.0,0.0002032457,787.439,883.068,98.6292,793.64,812.168,98.7004,US
1397010636,30661,54604,CZ-6A DEB,DEBRIS,128.0,0.0004287439,717.51,924.674,99.4933,822.636,895.381,98.8534,PRC
1397381151,30661,54604,CZ-6A DEB,DEBRIS,128.0,0.0002249728,717.51,924.674,99.4933,822.636,895.381,98.8534,PRC
1396373319,30661,54604,CZ-6A DEB,DEBRIS,68.0,0.001086377,717.51,924.674,99.4933,822.636,895.381,98.8534,PRC
1396085265,30661,54604,CZ-6A DEB,DEBRIS,123.0,0.0006333683,717.51,924.674,99.4933,822.636,895.381,98.8534,PRC
1400056402,30465,24903,IRIDIUM 26,PAYLOAD,78.0,0.00127145,763.329,784.007,98.8228,765.219,768.597,86.3954,US
1399566915,30465,24903,IRIDIUM 26,PAYLOAD,163.0,0.0008076602,763.329,784.007,98.8228,765.219,768.597,86.3954,US
1398946521,30465,24903,IRIDIUM 26,PAYLOAD,202.0,0.0009901031,763.329,784.007,98.8228,765.219,768.597,86.3954,US
1398012374,30465,24903,IRIDIUM 26,PAYLOAD,234.0,0.0009927287,763.329,784.007,98.8228,765.219,768.597,86.3954,US
1396372863,30465,24903,IRIDIUM 26,PAYLOAD,331.0,0.0007611967,763.329,784.007,98.8228,765.219,768.597,86.3954,US
1396950204,30465,24903,IRIDIUM 26,PAYLOAD,339.0,0.000773109,763.329,784.007,98.8228,765.219,768.597,86.3954,US
1397336168,30465,24903,IRIDIUM 26,PAYLOAD,348.0,0.0006264983,763.329,784.007,98.8228,765.219,768.597,86.3954,US
1400711368,31512,49478,NOAA 17 DEB,DEBRIS,261.0,0.0001026849,641.283,846.405,98.7943,669.11,673.284,98.848,US
1399549698,36647,20527,COSMOS 2061,PAYLOAD,652.0,0.0002307021,756.025,1100.423,96.1211,967.887,1014.19,82.9392,CIS
1400067462,36647,20527,COSMOS 2061,PAYLOAD,483.0,0.0002721611,756.025,1100.423,96.1211,967.887,1014.19,82.9392,CIS
1401417864,36647,20527,COSMOS 2061,PAYLOAD,315.0,0.0003454785,756.025,1100.423,96.1211,967.887,1014.19,82.9392,CIS
1401898858,36647,20527,COSMOS 2061,PAYLOAD,278.0,0.0003386103,756.025,1100.423,96.1211,967.887,1014.19,82.9392,CIS
1400684772,36647,20527,COSMOS 2061,PAYLOAD,67.0,0.0007407155,756.025,1100.423,96.1211,967.887,1014.19,82.9392,CIS
1401932645,47007,41045,NOAA 16 DEB,DEBRIS,105.0,0.0001625848,728.257,1069.401,98.2022,832.712,853.218,98.4515,US
1401426159,47007,41045,NOAA 16 DEB,DEBRIS,94.0,0.0001597073,728.257,1069.401,98.2022,832.712,853.218,98.4515,US
1400705670,47007,41045,NOAA 16 DEB,DEBRIS,31.0,0.0001480517,728.257,1069.401,98.2022,832.712,853.218,98.4515,US
1400690259,30315,39632,DMSP 5D-3 F19 DEB,DEBRIS,137.0,0.001022894,803.31,852.282,98.5985,802.093,807.56,98.6643,US
1401930016,30315,39632,DMSP 5D-3 F19 DEB,DEBRIS,1.0,0.003421283,803.31,852.282,98.5985,802.093,807.56,98.6643,US
1401423409,30315,39632,DMSP 5D-3 F19 DEB,DEBRIS,17.0,0.001805691,803.31,852.282,98.5985,802.093,807.56,98.6643,US
1401426206,30606,41060,NOAA 16 DEB,DEBRIS,92.0,0.000250288,547.569,845.199,98.091,705.594,815.207,98.9622,US
1401932690,30606,41060,NOAA 16 DEB,DEBRIS,225.0,0.0001637426,547.569,845.199,98.091,705.594,815.207,98.9622,US
1400693063,30606,41060,NOAA 16 DEB,DEBRIS,209.0,0.0001794529,547.569,845.199,98.091,705.594,815.207,98.9622,US
1401891508,31948,62237,CZ-6A R/B,ROCKET BODY,327.0,0.0001137572,778.543,809.422,99.38,648.918,790.211,89.039,PRC
1399568525,31071,34387,COSMOS 2251 DEB,DEBRIS,239.0,0.0001635434,673.576,751.867,99.0294,717.623,771.746,74.0396,CIS
1402487183,31235,85004,UNKNOWN,UNKNOWN,212.0,0.0002562303,702.825,934.04,98.4595,719.33,787.958,98.4415,
1401888575,31235,85004,UNKNOWN,UNKNOWN,273.0,0.0002613946,702.825,934.04,98.4595,719.33,787.958,98.4415,
1400058411,31235,85004,UNKNOWN,UNKNOWN,426.0,0.0004894352,702.825,934.04,98.4595,719.33,787.958,98.4415,
1401408125,31235,85004,UNKNOWN,UNKNOWN,501.0,0.0003111888,702.825,934.04,98.4595,719.33,787.958,98.4415,
1400675234,31235,85004,UNKNOWN,UNKNOWN,679.0,0.000174704,702.825,934.04,98.4595,719.33,787.958,98.4415,
1399037822,38137,61421,CZ-6A DEB,DEBRIS,197.0,0.0001648226,838.696,905.429,98.8422,783.645,877.246,89.1452,PRC
1403508971,31535,13801,COSMOS 1275 DEB,DEBRIS,319.0,0.0001029111,732.533,859.012,98.0284,788.592,856.045,82.7976,CIS
1403516864,32324,36336,METEOR 2-8 DEB,DEBRIS,106.0,0.0001219764,825.686,896.963,99.5377,819.379,832.299,82.5314,CIS
1403002880,32324,36336,METEOR 2-8 DEB,DEBRIS,134.0,0.0001059435,825.686,896.963,99.5377,819.379,832.299,82.5314,CIS
1402496209,32324,36336,METEOR 2-8 DEB,DEBRIS,155.0,0.0001123737,825.686,896.963,99.5377,819.379,832.299,82.5314,CIS
1401898334,32324,36336,METEOR 2-8 DEB,DEBRIS,148.0,0.0001114848,825.686,896.963,99.5377,819.379,832.299,82.5314,CIS
1400058943,31420,16969,NOAA 10,PAYLOAD,816.0,0.0001862583,658.878,849.287,97.5452,785.105,803.943,98.7029,US
1399565722,29976,26063,OPAL,PAYLOAD,729.0,0.000471367,704.837,1094.603,98.9251,739.504,791.063,100.1902,US
1400055207,29976,26063,OPAL,PAYLOAD,680.0,0.0003492706,704.837,1094.603,98.9251,739.504,791.063,100.1902,US
1401407595,31049,20890,CZ-4 DEB,DEBRIS,275.0,0.0001264462,842.222,915.194,98.8037,859.824,878.166,98.935,PRC
1402486692,31049,20890,CZ-4 DEB,DEBRIS,253.0,0.0001522365,842.222,915.194,98.8037,859.824,878.166,98.935,PRC
1401888063,31049,20890,CZ-4 DEB,DEBRIS,247.0,0.0001485831,842.222,915.194,98.8037,859.824,878.166,98.935,PRC
1404345832,31049,20890,CZ-4 DEB,DEBRIS,243.0,0.0001749786,842.222,915.194,98.8037,859.824,878.166,98.935,PRC
1402993543,31049,20890,CZ-4 DEB,DEBRIS,254.0,0.0001621689,842.222,915.194,98.8037,859.824,878.166,98.935,PRC
1400674708,31049,20890,CZ-4 DEB,DEBRIS,215.0,0.0001279244,842.222,915.194,98.8037,859.824,878.166,98.935,PRC
1399566088,30115,118,THOR ABLESTAR R/B,ROCKET BODY,737.0,0.0002434867,776.164,871.844,98.6054,820.115,948.661,66.7623,US
1400055586,30115,118,THOR ABLESTAR R/B,ROCKET BODY,668.0,0.000243828,776.164,871.844,98.6054,820.115,948.661,66.7623,US
1400672211,30115,118,THOR ABLESTAR R/B,ROCKET BODY,498.0,0.0002170977,776.164,871.844,98.6054,820.115,948.661,66.7623,US
1400671915,30023,61815,CZ-6A DEB,DEBRIS,941.0,0.0001083956,818.241,886.151,99.2893,793.463,868.049,89.0272,PRC
1406227174,32223,29841,FENGYUN 1C DEB,DEBRIS,108.0,0.0002042972,786.65,851.509,98.8278,594.513,876.375,98.839,PRC
1405479578,32223,29841,FENGYUN 1C DEB,DEBRIS,88.0,0.0002054042,786.65,851.509,98.8278,594.513,876.375,98.839,PRC
1405010054,32223,29841,FENGYUN 1C DEB,DEBRIS,53.0,0.000160272,786.65,851.509,98.8278,594.513,876.375,98.839,PRC
1404348801,32223,29841,FENGYUN 1C DEB,DEBRIS,77.0,0.0001397075,786.65,851.509,98.8278,594.513,876.375,98.839,PRC
1406887685,29975,34346,COSMOS 2251 DEB,DEBRIS,384.0,0.0001230308,817.992,982.809,99.3151,740.487,1045.695,73.9941,CIS
1406229653,29975,34346,COSMOS 2251 DEB,DEBRIS,393.0,0.000122928,817.992,982.809,99.3151,740.487,1045.695,73.9941,CIS
1405482043,29975,34346,COSMOS 2251 DEB,DEBRIS,362.0,0.0001291008,817.992,982.809,99.3151,740.487,1045.695,73.9941,CIS
1405012548,29975,34346,COSMOS 2251 DEB,DEBRIS,231.0,0.0001504818,817.992,982.809,99.3151,740.487,1045.695,73.9941,CIS
1405009868,32137,59806,OBJECT B,UNKNOWN,771.0,0.0003191757,491.469,738.445,98.457,512.507,516.595,97.3899,PRC
1406957218,30380,33063,ORBCOMM FM 39,PAYLOAD,67.0,0.003949294,596.172,848.259,98.8881,621.329,630.892,48.4405,ORB
1406227574,30380,33063,ORBCOMM FM 39,PAYLOAD,66.0,0.0004500522,596.172,848.259,98.8881,621.329,630.892,48.4405,ORB
1407515531,30380,33063,ORBCOMM FM 39,PAYLOAD,149.0,0.0003158504,596.172,848.259,98.8881,621.329,630.892,48.4405,ORB
1407509275,29962,10120,COSMOS 923,PAYLOAD,98.0,0.0003181767,788.736,948.809,98.7662,773.379,790.8,74.0469,CIS
1407157846,29962,10120,COSMOS 923,PAYLOAD,36.0,0.001220804,788.736,948.809,98.7662,773.379,790.8,74.0469,CIS
1406879406,29962,10120,COSMOS 923,PAYLOAD,55.0,0.005394175,788.736,948.809,98.7662,773.379,790.8,74.0469,CIS
1406204148,29962,10120,COSMOS 923,PAYLOAD,41.0,0.00496597,788.736,948.809,98.7662,773.379,790.8,74.0469,CIS
1405463792,29962,10120,COSMOS 923,PAYLOAD,37.0,0.002318691,788.736,948.809,98.7662,773.379,790.8,74.0469,CIS
1404343095,29962,10120,COSMOS 923,PAYLOAD,41.0,0.0003627607,788.736,948.809,98.7662,773.379,790.8,74.0469,CIS
1405004378,29962,10120,COSMOS 923,PAYLOAD,27.0,0.003731962,788.736,948.809,98.7662,773.379,790.8,74.0469,CIS
1403505003,29962,10120,COSMOS 923,PAYLOAD,32.0,0.001033905,788.736,948.809,98.7662,773.379,790.8,74.0469,CIS
1402990791,29962,10120,COSMOS 923,PAYLOAD,31.0,0.00101004,788.736,948.809,98.7662,773.379,790.8,74.0469,CIS
1402483842,29962,10120,COSMOS 923,PAYLOAD,54.0,0.0003129442,788.736,948.809,98.7662,773.379,790.8,74.0469,CIS
1408115206,41822,54562,CZ-6A DEB,DEBRIS,149.0,0.0002630428,765.492,845.982,98.7169,740.254,831.307,98.6984,PRC
1403506821,30718,6392,METEOR 1-14,PAYLOAD,609.0,0.0001327501,765.788,848.719,98.8806,826.979,904.703,81.2378,CIS
1403507113,30822,4419,METEOR 1-5,PAYLOAD,149.0,0.0008395707,801.389,906.887,98.7173,809.686,866.987,81.215,CIS
1404345303,30822,4419,METEOR 1-5,PAYLOAD,164.0,0.0001075145,801.389,906.887,98.7173,809.686,866.987,81.215,CIS
1405006555,30822,4419,METEOR 1-5,PAYLOAD,161.0,0.0001209289,801.389,906.887,98.7173,809.686,866.987,81.215,CIS
1406880363,30392,82617,UNKNOWN,UNKNOWN,234.0,0.0006678562,737.242,996.472,98.7743,699.096,754.71,74.0276,
1406205144,30392,82617,UNKNOWN,UNKNOWN,331.0,0.0004885311,737.242,996.472,98.7743,699.096,754.71,74.0276,
1409338941,30392,82617,UNKNOWN,UNKNOWN,13.0,0.00466299,737.242,996.472,98.7743,699.096,754.71,74.0276,
1408860740,30392,82617,UNKNOWN,UNKNOWN,71.0,0.002316286,737.242,996.472,98.7743,699.096,754.71,74.0276,
1405464762,30392,82617,UNKNOWN,UNKNOWN,524.0,0.0003975845,737.242,996.472,98.7743,699.096,754.71,74.0276,
1405005383,30392,82617,UNKNOWN,UNKNOWN,806.0,0.0002078107,737.242,996.472,98.7743,699.096,754.71,74.0276,
1408962537,31262,57541,METEOR 1-17 DEB,DEBRIS,51.0,0.0002319607,788.789,867.348,98.9939,801.759,819.354,81.2063,CIS
1408128043,31262,57541,METEOR 1-17 DEB,DEBRIS,50.0,0.0002271771,788.789,867.348,98.9939,801.759,819.354,81.2063,CIS
1409376993,31540,60770,CZ-6A DEB,DEBRIS,341.0,0.0001629604,549.044,791.231,99.0705,740.521,794.241,89.0185,PRC
1409887472,30056,56605,CZ-6A DEB,DEBRIS,70.0,0.0001411331,762.861,1202.514,98.3347,764.592,767.794,98.7666,PRC
1407010725,31660,60652,CZ-6A DEB,DEBRIS,189.0,0.0001307293,726.128,873.273,98.5093,695.398,773.892,88.9249,PRC
1406988603,31660,60652,CZ-6A DEB,DEBRIS,189.0,0.0001307294,726.128,873.273,98.5093,695.398,773.892,88.9249,PRC
1409342375,31660,60652,CZ-6A DEB,DEBRIS,180.0,0.0002033787,726.128,873.273,98.5093,695.398,773.892,88.9249,PRC
1409376320,31660,60652,CZ-6A DEB,DEBRIS,210.0,0.0001629744,726.128,873.273,98.5093,695.398,773.892,88.9249,PRC
1408923180,31660,60652,CZ-6A DEB,DEBRIS,225.0,0.0001439902,726.128,873.273,98.5093,695.398,773.892,88.9249,PRC
1408149352,31660,60652,CZ-6A DEB,DEBRIS,262.0,0.0001067214,726.128,873.273,98.5093,695.398,773.892,88.9249,PRC
1409854531,30044,14398,SL-8 DEB *,DEBRIS,298.0,0.0001149466,658.377,770.886,98.2131,683.978,690.771,74.0414,CIS
1408054865,29906,4070,COSMOS 292,PAYLOAD,806.0,0.0001325857,693.247,742.915,98.7071,700.927,714.979,74.0498,CIS
1410588922,33718,22292,SL-16 DEB,DEBRIS,61.0,0.0001048027,793.546,933.031,99.6563,840.907,1150.743,71.0046,CIS
1412902590,33718,22292,SL-16 DEB,DEBRIS,41.0,0.000392215,793.546,933.031,99.6563,840.907,1150.743,71.0046,CIS
1411090578,33718,22292,SL-16 DEB,DEBRIS,58.0,0.0001510224,793.546,933.031,99.6563,840.907,1150.743,71.0046,CIS
1411764286,33718,22292,SL-16 DEB,DEBRIS,51.0,0.0001722341,793.546,933.031,99.6563,840.907,1150.743,71.0046,CIS
1409377614,30726,60889,CZ-6A DEB,DEBRIS,69.0,0.0001204577,802.961,916.559,99.2668,788.967,840.636,88.9991,PRC
1411083997,30214,7817,THOR BURNER 2 R/B,ROCKET BODY,581.0,0.0001473511,771.637,797.677,98.7098,788.297,863.625,98.6791,US
1411755904,30214,7817,THOR BURNER 2 R/B,ROCKET BODY,596.0,0.000136135,771.637,797.677,98.7098,788.297,863.625,98.6791,US
1410368679,30331,29299,METEOR 2-17 DEB,DEBRIS,76.0,0.0002121307,831.476,969.858,98.9348,847.518,895.096,82.5302,CIS
1410583016,30331,29299,METEOR 2-17 DEB,DEBRIS,78.0,0.0002040586,831.476,969.858,98.9348,847.518,895.096,82.5302,CIS
1411756242,30331,29299,METEOR 2-17 DEB,DEBRIS,80.0,0.0001993699,831.476,969.858,98.9348,847.518,895.096,82.5302,CIS
1409855240,30331,29299,METEOR 2-17 DEB,DEBRIS,67.0,0.0002168007,831.476,969.858,98.9348,847.518,895.096,82.5302,CIS
1409854163,29896,6828,COSMOS 586,PAYLOAD,178.0,0.0001955375,838.011,1193.316,99.41,960.821,999.867,82.9434,CIS
1410582018,29896,6828,COSMOS 586,PAYLOAD,128.0,0.0008355712,838.011,1193.316,99.41,960.821,999.867,82.9434,CIS
1413625141,29896,6828,COSMOS 586,PAYLOAD,181.0,0.0006224346,838.011,1193.316,99.41,960.821,999.867,82.9434,CIS
1412894225,29896,6828,COSMOS 586,PAYLOAD,186.0,0.0006083913,838.011,1193.316,99.41,960.821,999.867,82.9434,CIS
1411755153,29896,6828,COSMOS 586,PAYLOAD,212.0,0.000395722,838.011,1193.316,99.41,960.821,999.867,82.9434,CIS
1411083233,29896,6828,COSMOS 586,PAYLOAD,184.0,0.0004691925,838.011,1193.316,99.41,960.821,999.867,82.9434,CIS
1410594384,36724,25320,IRIDIUM 71,PAYLOAD,172.0,0.0001722178,728.489,878.614,99.4567,750.691,756.769,86.3944,US
1412896879,30847,29841,FENGYUN 1C DEB,DEBRIS,269.0,0.0001071509,787.043,876.457,98.7435,594.513,876.375,98.839,PRC
1414862811,37406,25893,SL-8 R/B,ROCKET BODY,150.0,0.0009633788,770.148,984.724,98.4327,953.649,996.581,82.9233,CIS
1413622763,30259,409,THOR ABLESTAR DEB,DEBRIS,421.0,0.0001005673,547.793,889.883,98.7475,747.753,843.032,66.7114,US
1413625268,29926,7715,SL-3 R/B,ROCKET BODY,105.0,0.001197735,602.355,956.09,98.2973,832.737,905.134,81.2207,CIS
1414967412,29926,7715,SL-3 R/B,ROCKET BODY,38.0,0.002598364,602.355,956.09,98.2973,832.737,905.134,81.2207,CIS
1415290535,29926,7715,SL-3 R/B,ROCKET BODY,15.0,0.002620547,602.355,956.09,98.2973,832.737,905.134,81.2207,CIS
1416544281,29926,7715,SL-3 R/B,ROCKET BODY,59.0,0.004599319,602.355,956.09,98.2973,832.737,905.134,81.2207,CIS
1416013237,29926,7715,SL-3 R/B,ROCKET BODY,64.0,0.003934478,602.355,956.09,98.2973,832.737,905.134,81.2207,CIS
1411083296,29926,7715,SL-3 R/B,ROCKET BODY,446.0,0.000174025,602.355,956.09,98.2973,832.737,905.134,81.2207,CIS
1411755219,29926,7715,SL-3 R/B,ROCKET BODY,426.0,0.0002017483,602.355,956.09,98.2973,832.737,905.134,81.2207,CIS
1412894290,29926,7715,SL-3 R/B,ROCKET BODY,637.0,0.0003729168,602.355,956.09,98.2973,832.737,905.134,81.2207,CIS
1412368001,29926,7715,SL-3 R/B,ROCKET BODY,773.0,0.0003313891,602.355,956.09,98.2973,832.737,905.134,81.2207,CIS
1411771954,37925,44889,OBJECT L,UNKNOWN,808.0,0.0001768861,581.857,652.656,99.0722,576.223,592.827,97.7548,TBD
1412910389,37925,44889,OBJECT L,UNKNOWN,914.0,0.0002654778,581.857,652.656,99.0722,576.223,592.827,97.7548,TBD
1413763974,31372,34302,COSMOS 2251 DEB,DEBRIS,254.0,0.0001440449,775.178,823.516,99.378,703.046,813.488,74.178,CIS
1412903875,31372,34302,COSMOS 2251 DEB,DEBRIS,286.0,0.0001607662,775.178,823.516,99.378,703.046,813.488,74.178,CIS
1414066587,31372,34302,COSMOS 2251 DEB,DEBRIS,282.0,0.0001010252,775.178,823.516,99.378,703.046,813.488,74.178,CIS
1414977972,35160,54289,CZ-6A DEB,DEBRIS,186.0,0.0002598675,644.773,896.252,99.1688,825.291,905.633,98.8488,PRC
1411769726,30053,36509,SL-24 R/B,ROCKET BODY,64.0,0.000859022,673.467,1147.56,98.592,715.325,1114.984,91.9288,CIS
1413768123,30053,36509,SL-24 R/B,ROCKET BODY,206.0,0.0009083134,673.467,1147.56,98.592,715.325,1114.984,91.9288,CIS
1414980728,30053,36509,SL-24 R/B,ROCKET BODY,250.0,0.0004695216,673.467,1147.56,98.592,715.325,1114.984,91.9288,CIS
1414070679,30053,36509,SL-24 R/B,ROCKET BODY,242.0,0.0006497084,673.467,1147.56,98.592,715.325,1114.984,91.9288,CIS
1412380333,30053,36509,SL-24 R/B,ROCKET BODY,315.0,0.0006313394,673.467,1147.56,98.592,715.325,1114.984,91.9288,CIS
1412908125,30053,36509,SL-24 R/B,ROCKET BODY,334.0,0.0006094428,673.467,1147.56,98.592,715.325,1114.984,91.9288,CIS
1415299795,30371,34497,IRIDIUM 33 DEB,DEBRIS,153.0,0.0001253904,784.431,792.612,98.5572,743.047,853.947,86.2799,US
1416553236,30371,34497,IRIDIUM 33 DEB,DEBRIS,144.0,0.0001961115,784.431,792.612,98.5572,743.047,853.947,86.2799,US
1416022377,30371,34497,IRIDIUM 33 DEB,DEBRIS,147.0,0.0001758064,784.431,792.612,98.5572,743.047,853.947,86.2799,US
1413765609,35240,4214,THORAD AGENA D DEB,DEBRIS,206.0,0.0001246008,775.603,844.33,99.3575,700.195,777.284,70.0494,US
1414978128,35240,4214,THORAD AGENA D DEB,DEBRIS,99.0,0.0001090024,775.603,844.33,99.3575,700.195,777.284,70.0494,US
1415300931,35240,4214,THORAD AGENA D DEB,DEBRIS,116.0,0.0001033157,775.603,844.33,99.3575,700.195,777.284,70.0494,US
1414068198,35240,4214,THORAD AGENA D DEB,DEBRIS,68.0,0.0001640908,775.603,844.33,99.3575,700.195,777.284,70.0494,US
1415294869,31487,30114,FENGYUN 1C DEB,DEBRIS,100.0,0.0001368634,812.219,986.814,102.4101,800.575,919.727,98.7493,PRC
1417023018,31487,30114,FENGYUN 1C DEB,DEBRIS,82.0,0.0003358789,812.219,986.814,102.4101,800.575,919.727,98.7493,PRC
1416548301,31487,30114,FENGYUN 1C DEB,DEBRIS,78.0,0.0002727457,812.219,986.814,102.4101,800.575,919.727,98.7493,PRC
1416017398,31487,30114,FENGYUN 1C DEB,DEBRIS,71.0,0.000163107,812.219,986.814,102.4101,800.575,919.727,98.7493,PRC
1413709935,31456,25636,SUNSAT,PAYLOAD,738.0,0.0001247316,700.028,795.185,98.5791,635.156,839.378,96.4751,SAFR
1414972928,31819,10121,SL-8 R/B,ROCKET BODY,11.0,0.0008137976,728.714,851.582,98.4853,753.697,780.574,74.0451,CIS
1415295850,31819,10121,SL-8 R/B,ROCKET BODY,36.0,0.000982562,728.714,851.582,98.4853,753.697,780.574,74.0451,CIS
1418316495,31819,10121,SL-8 R/B,ROCKET BODY,165.0,0.0001917398,728.714,851.582,98.4853,753.697,780.574,74.0451,CIS
1417023991,31819,10121,SL-8 R/B,ROCKET BODY,190.0,0.001396579,728.714,851.582,98.4853,753.697,780.574,74.0451,CIS
1416549228,31819,10121,SL-8 R/B,ROCKET BODY,256.0,0.001123042,728.714,851.582,98.4853,753.697,780.574,74.0451,CIS
1416018390,31819,10121,SL-8 R/B,ROCKET BODY,397.0,0.0007531067,728.714,851.582,98.4853,753.697,780.574,74.0451,CIS
1414967814,30077,3561,COSMOS 252 DEB,DEBRIS,116.0,0.0001116677,854.203,884.417,98.7494,507.701,1018.745,62.2666,CIS
1414968287,30251,26550,DNEPR 1 R/B,ROCKET BODY,303.0,0.0001033301,756.716,828.923,99.0413,581.915,1331.092,64.5629,CIS
1415291332,30251,26550,DNEPR 1 R/B,ROCKET BODY,422.0,0.0001323577,756.716,828.923,99.0413,581.915,1331.092,64.5629,CIS
1419126292,32141,61425,CZ-6A DEB,DEBRIS,95.0,0.0002796191,827.266,934.088,98.7481,792.604,869.082,89.0058,PRC
1417845897,32141,61425,CZ-6A DEB,DEBRIS,79.0,0.000310056,827.266,934.088,98.7481,792.604,869.082,89.0058,PRC
1418317162,32141,61425,CZ-6A DEB,DEBRIS,72.0,0.000330055,827.266,934.088,98.7481,792.604,869.082,89.0058,PRC
1417156683,32141,61425,CZ-6A DEB,DEBRIS,63.0,0.0003370512,827.266,934.088,98.7481,792.604,869.082,89.0058,PRC
1416669377,32141,61425,CZ-6A DEB,DEBRIS,63.0,0.000355832,827.266,934.088,98.7481,792.604,869.082,89.0058,PRC
1416073720,32141,61425,CZ-6A DEB,DEBRIS,52.0,0.0003473915,827.266,934.088,98.7481,792.604,869.082,89.0058,PRC
1418966394,36231,24602,PEGASUS DEB,DEBRIS,103.0,0.0001186942,809.03,895.464,98.7089,545.831,1634.814,81.5256,US
1418957336,31223,18822,DMSP 5D-2 F9 (USA 29),PAYLOAD,475.0,0.0001939733,794.675,1142.051,99.0244,791.183,800.228,98.3539,US
1418356678,47025,21610,ARIANE 40 R/B,ROCKET BODY,728.0,0.0001696685,704.39,756.903,99.0277,747.517,750.14,98.1908,FR
1420836597,31622,4588,COSMOS 372,PAYLOAD,346.0,0.0004976561,751.958,772.023,98.8138,759.788,777.476,74.0545,CIS
1419446145,31622,4588,COSMOS 372,PAYLOAD,559.0,0.0004627896,751.958,772.023,98.8138,759.788,777.476,74.0545,CIS
1418958489,31622,4588,COSMOS 372,PAYLOAD,622.0,0.0002247739,751.958,772.023,98.8138,759.788,777.476,74.0545,CIS
1418954735,30270,12703,COSMOS 1275 DEB,DEBRIS,174.0,0.0002736982,848.827,860.749,98.6951,842.17,866.025,82.9678,CIS
1419441740,30270,12703,COSMOS 1275 DEB,DEBRIS,89.0,0.0004601622,848.827,860.749,98.6951,842.17,866.025,82.9678,CIS
1417774849,30270,12703,COSMOS 1275 DEB,DEBRIS,119.0,0.0002685284,848.827,860.749,98.6951,842.17,866.025,82.9678,CIS
1417814862,31888,45507,METEOR 2-5 DEB,DEBRIS,136.0,0.0001621735,759.77,786.15,99.1597,757.566,776.329,81.1983,CIS
1417053056,31888,45507,METEOR 2-5 DEB,DEBRIS,90.0,0.0002730098,759.77,786.15,99.1597,757.566,776.329,81.1983,CIS
1421421909,35220,270387,UNKNOWN,UNKNOWN,45.0,0.0004302911,782.435,843.955,99.0136,816.91,832.666,81.2079,
1419451781,35220,270387,UNKNOWN,UNKNOWN,256.0,0.0001636891,782.435,843.955,99.0136,816.91,832.666,81.2079,
1418964301,35220,270387,UNKNOWN,UNKNOWN,286.0,0.0001473476,782.435,843.955,99.0136,816.91,832.666,81.2079,
1418321930,35220,270387,UNKNOWN,UNKNOWN,330.0,0.0001188083,782.435,843.955,99.0136,816.91,832.666,81.2079,
1420995045,30369,59999,METEOR 2-20 DEB,DEBRIS,57.0,0.000358995,779.552,924.253,98.7281,903.486,926.522,82.5726,CIS
1421518311,30369,59999,METEOR 2-20 DEB,DEBRIS,20.0,0.0005569845,779.552,924.253,98.7281,903.486,926.522,82.5726,CIS
1421421507,31199,35018,COSMOS 2251 DEB,DEBRIS,70.0,0.0001177036,813.208,904.896,98.7307,752.424,1264.176,73.9769,CIS
1421415344,31440,11574,SL-8 R/B,ROCKET BODY,141.0,0.0002019947,738.468,789.976,98.7394,739.756,761.507,74.0697,CIS
1417728343,37477,22739,NOAA 13,PAYLOAD,17.0,0.0003202597,797.483,852.466,98.6053,840.838,852.956,98.7009,US
1421412960,30964,27733,COSMOS 1275 DEB,DEBRIS,108.0,0.0001123167,789.94,989.755,98.6746,795.089,842.552,83.1116,CIS
1422600822,30964,27733,COSMOS 1275 DEB,DEBRIS,107.0,0.0001247865,789.94,989.755,98.6746,795.089,842.552,83.1116,CIS
1418459628,30964,27733,COSMOS 1275 DEB,DEBRIS,118.0,0.0001013797,789.94,989.755,98.6746,795.089,842.552,83.1116,CIS
1422598156,29892,12759,COSMOS 1275 DEB,DEBRIS,74.0,0.0001666,643.462,903.256,99.1871,843.07,910.13,82.8595,CIS
1420819543,30325,81167,UNKNOWN,UNKNOWN,379.0,0.0001608889,850.858,873.668,98.7215,1168.398,8241.645,61.5553,
1421411244,30325,81167,UNKNOWN,UNKNOWN,354.0,0.0001620436,850.858,873.668,98.7215,1168.398,8241.645,61.5553,
1419441893,30325,81167,UNKNOWN,UNKNOWN,431.0,0.0001241178,850.858,873.668,98.7215,1168.398,8241.645,61.5553,
1418954912,30325,81167,UNKNOWN,UNKNOWN,535.0,0.0001004375,850.858,873.668,98.7215,1168.398,8241.645,61.5553,
1420845873,29760,45511,METEOR 2-5 DEB,DEBRIS,91.0,0.0001645057,769.56,960.144,98.765,807.329,820.516,81.2195,CIS
1419464101,29760,45511,METEOR 2-5 DEB,DEBRIS,90.0,0.0001709822,769.56,960.144,98.765,807.329,820.516,81.2195,CIS
1419047751,29760,45511,METEOR 2-5 DEB,DEBRIS,86.0,0.0002128274,769.56,960.144,98.765,807.329,820.516,81.2195,CIS
1421474872,29760,45511,METEOR 2-5 DEB,DEBRIS,89.0,0.0001939971,769.56,960.144,98.765,807.329,820.516,81.2195,CIS
1422696221,29760,45511,METEOR 2-5 DEB,DEBRIS,91.0,0.0002372982,769.56,960.144,98.765,807.329,820.516,81.2195,CIS
1422671514,31819,41057,NOAA 16 DEB,DEBRIS,78.0,0.001294767,728.714,851.582,98.4853,734.946,758.864,98.9465,US
1422600872,30984,28292,SL-18 DEB,DEBRIS,33.0,0.0001041681,633.032,808.849,98.2439,643.851,827.64,75.7534,CIS
1422662894,36710,87239,UNKNOWN,UNKNOWN,202.0,0.0001539919,673.242,768.818,98.3588,697.014,722.424,82.8719,
1420983054,30860,57542,METEOR 1-17 DEB,DEBRIS,90.0,0.000117228,773.875,833.121,98.892,815.368,825.737,81.2077,CIS
1421502696,30860,57542,METEOR 1-17 DEB,DEBRIS,89.0,0.000122433,773.875,833.121,98.892,815.368,825.737,81.2077,CIS
1422694452,30860,57542,METEOR 1-17 DEB,DEBRIS,57.0,0.0003234474,773.875,833.121,98.892,815.368,825.737,81.2077,CIS
1424988178,30860,57542,METEOR 1-17 DEB,DEBRIS,89.0,0.0001435398,773.875,833.121,98.892,815.368,825.737,81.2077,CIS
1422600239,30728,30143,FENGYUN 1C DEB,DEBRIS,51.0,0.0001181306,742.42,884.437,98.5286,809.327,956.676,98.7427,PRC
1422598152,29891,2834,GGSE 5,PAYLOAD,27.0,0.01057011,850.561,935.871,98.7335,899.612,914.453,69.9733,US
1424932640,29891,2834,GGSE 5,PAYLOAD,64.0,0.0006308784,850.561,935.871,98.7335,899.612,914.453,69.9733,US
1422603096,31383,17242,SL-14 R/B,ROCKET BODY,77.0,0.001474156,795.551,950.399,99.0489,941.476,962.281,82.5294,CIS
1425696485,31383,17242,SL-14 R/B,ROCKET BODY,56.0,0.000535288,795.551,950.399,99.0489,941.476,962.281,82.5294,CIS
1424936900,31383,17242,SL-14 R/B,ROCKET BODY,52.0,0.001171923,795.551,950.399,99.0489,941.476,962.281,82.5294,CIS
1426305830,31383,17242,SL-14 R/B,ROCKET BODY,53.0,0.000569907,795.551,950.399,99.0489,941.476,962.281,82.5294,CIS
1422604354,31813,270172,UNKNOWN,UNKNOWN,840.0,0.0003154011,628.95,819.361,99.4179,719.994,757.596,86.3754,
1424938346,31861,270021,UNKNOWN,UNKNOWN,29.0,0.0007794914,775.082,1511.451,102.3357,1348.675,1448.495,82.7139,
1425697882,31861,270021,UNKNOWN,UNKNOWN,46.0,0.0009790702,775.082,1511.451,102.3357,1348.675,1448.495,82.7139,
1427407363,31861,270021,UNKNOWN,UNKNOWN,73.0,0.001335891,775.082,1511.451,102.3357,1348.675,1448.495,82.7139,
1426307224,31861,270021,UNKNOWN,UNKNOWN,74.0,0.001221962,775.082,1511.451,102.3357,1348.675,1448.495,82.7139,
1426801967,31861,270021,UNKNOWN,UNKNOWN,86.0,0.001296292,775.082,1511.451,102.3357,1348.675,1448.495,82.7139,
1424939031,32155,22676,SL-8 R/B,ROCKET BODY,272.0,0.0002567765,730.934,830.044,98.9649,760.581,787.601,74.0434,CIS
1425698521,32155,22676,SL-8 R/B,ROCKET BODY,344.0,0.0003059998,730.934,830.044,98.9649,760.581,787.601,74.0434,CIS
1426305079,31169,23815,PEGASUS R/B,ROCKET BODY,514.0,0.0001032195,759.48,838.018,99.1378,792.201,820.042,89.9937,US
1426898600,30199,64654,CZ-6A DEB,DEBRIS,68.0,0.0001137726,705.934,815.185,98.3698,784.472,893.75,88.3264,PRC
1424939294,32332,9653,COSMOS 886 DEB,DEBRIS,247.0,0.0001889809,695.905,1106.462,99.1161,553.364,1739.06,65.7666,CIS
1425692618,29977,11378,COSMOS 1104,PAYLOAD,359.0,0.0005276182,782.993,965.893,98.3876,954.697,1001.568,82.9441,CIS
1424932826,29977,11378,COSMOS 1104,PAYLOAD,326.0,0.001007604,782.993,965.893,98.3876,954.697,1001.568,82.9441,CIS
1426301900,29977,11378,COSMOS 1104,PAYLOAD,237.0,0.0008360537,782.993,965.893,98.3876,954.697,1001.568,82.9441,CIS
1426746802,29977,11378,COSMOS 1104,PAYLOAD,214.0,0.0002149184,782.993,965.893,98.3876,954.697,1001.568,82.9441,CIS
1427438143,46449,27437,SL-8 R/B,ROCKET BODY,732.0,0.0001191928,682.099,972.756,98.6295,943.61,1005.842,82.9516,CIS
1426356714,46449,27437,SL-8 R/B,ROCKET BODY,741.0,0.0001007351,682.099,972.756,98.6295,943.61,1005.842,82.9516,CIS
1429190548,46449,27437,SL-8 R/B,ROCKET BODY,758.0,0.0001200051,682.099,972.756,98.6295,943.61,1005.842,82.9516,CIS
1426759795,46449,27437,SL-8 R/B,ROCKET BODY,816.0,0.0001064071,682.099,972.756,98.6295,943.61,1005.842,82.9516,CIS
1428009220,46449,27437,SL-8 R/B,ROCKET BODY,794.0,0.0001138589,682.099,972.756,98.6295,943.61,1005.842,82.9516,CIS
1424939382,32419,12746,COSMOS 1275 DEB,DEBRIS,64.0,0.0002522665,654.364,1061.971,97.9543,763.443,816.584,82.9367,CIS
1425698883,32419,12746,COSMOS 1275 DEB,DEBRIS,74.0,0.0001275155,654.364,1061.971,97.9543,763.443,816.584,82.9367,CIS
1427408263,32419,12746,COSMOS 1275 DEB,DEBRIS,29.0,0.0004556822,654.364,1061.971,97.9543,763.443,816.584,82.9367,CIS
1426308195,32419,12746,COSMOS 1275 DEB,DEBRIS,65.0,0.0001830963,654.364,1061.971,97.9543,763.443,816.584,82.9367,CIS
1428709152,32419,12746,COSMOS 1275 DEB,DEBRIS,36.0,0.0004442023,654.364,1061.971,97.9543,763.443,816.584,82.9367,CIS
1429198748,32419,12746,COSMOS 1275 DEB,DEBRIS,29.0,0.0004302287,654.364,1061.971,97.9543,763.443,816.584,82.9367,CIS
1426802895,32419,12746,COSMOS 1275 DEB,DEBRIS,67.0,0.0001833966,654.364,1061.971,97.9543,763.443,816.584,82.9367,CIS
1428018111,32419,12746,COSMOS 1275 DEB,DEBRIS,19.0,0.0004872382,654.364,1061.971,97.9543,763.443,816.584,82.9367,CIS
1429198586,32218,81499,UNKNOWN,UNKNOWN,269.0,0.0004541384,660.207,746.061,98.8057,731.059,733.477,74.0477,
1430021158,32218,81499,UNKNOWN,UNKNOWN,263.0,0.0004972932,660.207,746.061,98.8057,731.059,733.477,74.0477,
1430511492,32218,81499,UNKNOWN,UNKNOWN,109.0,0.00109015,660.207,746.061,98.8057,731.059,733.477,74.0477,
1428708982,32218,81499,UNKNOWN,UNKNOWN,257.0,0.0002863959,660.207,746.061,98.8057,731.059,733.477,74.0477,
1428017934,32218,81499,UNKNOWN,UNKNOWN,967.0,0.0001001388,660.207,746.061,98.8057,731.059,733.477,74.0477,
1425695955,31237,7412,THOR BURNER 2A R/B,ROCKET BODY,425.0,0.0001062837,723.308,847.849,98.4589,779.588,845.862,98.5911,US
1426305343,31237,7412,THOR BURNER 2A R/B,ROCKET BODY,221.0,0.0002623935,723.308,847.849,98.4589,779.588,845.862,98.5911,US
1427343383,31237,7412,THOR BURNER 2A R/B,ROCKET BODY,193.0,0.0001341985,723.308,847.849,98.4589,779.588,845.862,98.5911,US
1426750123,31237,7412,THOR BURNER 2A R/B,ROCKET BODY,142.0,0.0002004304,723.308,847.849,98.4589,779.588,845.862,98.5911,US
1428706417,31237,7412,THOR BURNER 2A R/B,ROCKET BODY,148.0,0.0001300466,723.308,847.849,98.4589,779.588,845.862,98.5911,US
1428015322,31237,7412,THOR BURNER 2A R/B,ROCKET BODY,145.0,0.0001742716,723.308,847.849,98.4589,779.588,845.862,98.5911,US
1425748353,31984,60698,CZ-6A DEB,DEBRIS,195.0,0.0002044691,769.105,859.943,98.5612,792.729,877.064,89.0145,PRC
1426414109,31984,60698,CZ-6A DEB,DEBRIS,118.0,0.000481745,769.105,859.943,98.5612,792.729,877.064,89.0145,PRC
1426802323,31984,60698,CZ-6A DEB,DEBRIS,117.0,0.0004960233,769.105,859.943,98.5612,792.729,877.064,89.0145,PRC
1429196196,31236,14401,COSMOS 1503,PAYLOAD,141.0,0.004291513,709.204,1162.394,98.5468,771.269,791.412,74.0442,CIS
1430018744,31236,14401,COSMOS 1503,PAYLOAD,143.0,0.004403001,709.204,1162.394,98.5468,771.269,791.412,74.0442,CIS
1430509166,31236,14401,COSMOS 1503,PAYLOAD,120.0,0.00558139,709.204,1162.394,98.5468,771.269,791.412,74.0442,CIS
1431738495,31236,14401,COSMOS 1503,PAYLOAD,125.0,0.001616695,709.204,1162.394,98.5468,771.269,791.412,74.0442,CIS
1431127427,31236,14401,COSMOS 1503,PAYLOAD,112.0,0.004178675,709.204,1162.394,98.5468,771.269,791.412,74.0442,CIS
1428015318,31236,14401,COSMOS 1503,PAYLOAD,46.0,0.001281628,709.204,1162.394,98.5468,771.269,791.412,74.0442,CIS
1428706414,31236,14401,COSMOS 1503,PAYLOAD,53.0,0.0013738,709.204,1162.394,98.5468,771.269,791.412,74.0442,CIS
1431742762,31509,33886,IRIDIUM 33 DEB,DEBRIS,58.0,0.0005114732,764.912,1052.082,99.028,759.843,782.137,86.3864,US
1429192673,29780,61406,CZ-6A DEB,DEBRIS,123.0,0.0001091511,786.929,849.382,99.2818,790.001,978.95,88.9958,PRC
1430505711,29780,61406,CZ-6A DEB,DEBRIS,60.0,0.0001041428,786.929,849.382,99.2818,790.001,978.95,88.9958,PRC
1431778806,29780,61406,CZ-6A DEB,DEBRIS,164.0,0.0002955962,786.929,849.382,99.2818,790.001,978.95,88.9958,PRC
1431082516,29780,61406,CZ-6A DEB,DEBRIS,100.0,0.0003148458,786.929,849.382,99.2818,790.001,978.95,88.9958,PRC
1432715036,29780,61406,CZ-6A DEB,DEBRIS,69.0,0.000542769,786.929,849.382,99.2818,790.001,978.95,88.9958,PRC
1432263059,29780,61406,CZ-6A DEB,DEBRIS,23.0,0.0004422915,786.929,849.382,99.2818,790.001,978.95,88.9958,PRC
1432644957,38819,125,THOR ABLESTAR DEB,DEBRIS,69.0,0.0001356034,768.809,884.213,98.6286,819.599,915.025,66.8769,US
1433114966,38819,125,THOR ABLESTAR DEB,DEBRIS,51.0,0.0001651172,768.809,884.213,98.6286,819.599,915.025,66.8769,US
1432181728,38819,125,THOR ABLESTAR DEB,DEBRIS,49.0,0.0001614221,768.809,884.213,98.6286,819.599,915.025,66.8769,US
1433674097,38819,125,THOR ABLESTAR DEB,DEBRIS,134.0,0.0001602386,768.809,884.213,98.6286,819.599,915.025,66.8769,US
1430507961,30765,29734,FENGYUN 1C DEB,DEBRIS,451.0,0.0001027187,792.024,891.474,98.7686,821.453,1767.174,99.1715,PRC
1431126233,30765,29734,FENGYUN 1C DEB,DEBRIS,448.0,0.0001222595,792.024,891.474,98.7686,821.453,1767.174,99.1715,PRC
1431737332,30765,29734,FENGYUN 1C DEB,DEBRIS,384.0,0.0001249911,792.024,891.474,98.7686,821.453,1767.174,99.1715,PRC
1432169141,30765,29734,FENGYUN 1C DEB,DEBRIS,351.0,0.0001158122,792.024,891.474,98.7686,821.453,1767.174,99.1715,PRC
1432618733,30015,4867,THORAD AGENA D DEB,DEBRIS,64.0,0.0005540541,759.545,815.218,99.2246,798.36,977.126,99.6329,US
1432167412,30015,4867,THORAD AGENA D DEB,DEBRIS,170.0,0.0003521582,759.545,815.218,99.2246,798.36,977.126,99.6329,US
1433116543,30015,4867,THORAD AGENA D DEB,DEBRIS,32.0,0.0008320389,759.545,815.218,99.2246,798.36,977.126,99.6329,US
1433660387,30015,4867,THORAD AGENA D DEB,DEBRIS,23.0,0.001397168,759.545,815.218,99.2246,798.36,977.126,99.6329,US
1430505826,29828,21292,DELTA 1 DEB,DEBRIS,86.0,0.0002871689,818.734,909.834,98.7522,875.259,1206.158,99.7809,US
1431124033,29828,21292,DELTA 1 DEB,DEBRIS,60.0,0.0003626865,818.734,909.834,98.7522,875.259,1206.158,99.7809,US
1431735163,29828,21292,DELTA 1 DEB,DEBRIS,115.0,0.0003914729,818.734,909.834,98.7522,875.259,1206.158,99.7809,US
1432618342,29828,21292,DELTA 1 DEB,DEBRIS,115.0,0.0005060987,818.734,909.834,98.7522,875.259,1206.158,99.7809,US
1432167028,29828,21292,DELTA 1 DEB,DEBRIS,87.0,0.0009579147,818.734,909.834,98.7522,875.259,1206.158,99.7809,US
1431869232,31169,67245,CZ-8A R/B,ROCKET BODY,483.0,0.0001100152,759.48,838.018,99.1378,785.863,914.89,50.0025,PRC
1432761157,31169,67245,CZ-8A R/B,ROCKET BODY,145.0,0.0002560179,759.48,838.018,99.1378,785.863,914.89,50.0025,PRC
1432241487,31169,67245,CZ-8A R/B,ROCKET BODY,159.0,0.0001576375,759.48,838.018,99.1378,785.863,914.89,50.0025,PRC
1433241260,31169,67245,CZ-8A R/B,ROCKET BODY,333.0,0.0001931816,759.48,838.018,99.1378,785.863,914.89,50.0025,PRC
1434156355,31169,67245,CZ-8A R/B,ROCKET BODY,403.0,0.0001072237,759.48,838.018,99.1378,785.863,914.89,50.0025,PRC
1433741235,31169,67245,CZ-8A R/B,ROCKET BODY,416.0,0.0001014111,759.48,838.018,99.1378,785.863,914.89,50.0025,PRC
1432716777,33648,61834,CZ-6A DEB,DEBRIS,92.0,0.0001549734,802.698,903.404,98.725,784.713,866.797,89.0009,PRC
1432224721,33648,61834,CZ-6A DEB,DEBRIS,75.0,0.000243089,802.698,903.404,98.725,784.713,866.797,89.0009,PRC
1433203586,33648,61834,CZ-6A DEB,DEBRIS,98.0,0.0004314692,802.698,903.404,98.725,784.713,866.797,89.0009,PRC
1433723865,33648,61834,CZ-6A DEB,DEBRIS,95.0,0.000417242,802.698,903.404,98.725,784.713,866.797,89.0009,PRC
1431748747,37707,16613,SPOT 1,PAYLOAD,23.0,0.0003636496,602.267,801.314,100.2089,565.482,747.783,98.6619,FR
1431119160,37707,16613,SPOT 1,PAYLOAD,168.0,0.0002468892,602.267,801.314,100.2089,565.482,747.783,98.6619,FR
1432613222,37707,16613,SPOT 1,PAYLOAD,508.0,0.0007374391,602.267,801.314,100.2089,565.482,747.783,98.6619,FR
1433120776,37707,16613,SPOT 1,PAYLOAD,714.0,0.0002310927,602.267,801.314,100.2089,565.482,747.783,98.6619,FR
1432180069,37707,16613,SPOT 1,PAYLOAD,717.0,0.00049385,602.267,801.314,100.2089,565.482,747.783,98.6619,FR
1431126560,30899,24871,IRIDIUM 920,PAYLOAD,837.0,0.0001363896,755.99,796.967,99.1726,742.517,762.154,86.3952,US
1431737643,30899,24871,IRIDIUM 920,PAYLOAD,888.0,0.0001579012,755.99,796.967,99.1726,742.517,762.154,86.3952,US
1432620858,30899,24871,IRIDIUM 920,PAYLOAD,95.0,0.0004821906,755.99,796.967,99.1726,742.517,762.154,86.3952,US
1433150958,30899,24871,IRIDIUM 920,PAYLOAD,483.0,0.000376334,755.99,796.967,99.1726,742.517,762.154,86.3952,US
1432169448,30899,24871,IRIDIUM 920,PAYLOAD,949.0,0.0001964907,755.99,796.967,99.1726,742.517,762.154,86.3952,US
1432171161,31629,16860,COSMOS 1763,PAYLOAD,999.0,0.0001417404,764.78,911.744,102.1277,738.375,783.165,74.0321,CIS
1433150949,30893,20879,CZ-4 DEB,DEBRIS,58.0,0.0004378757,687.817,1137.897,98.242,805.274,946.437,99.4183,PRC
1434032789,30893,20879,CZ-4 DEB,DEBRIS,70.0,0.0004595412,687.817,1137.897,98.242,805.274,946.437,99.4183,PRC
1433662297,30893,20879,CZ-4 DEB,DEBRIS,64.0,0.0004621973,687.817,1137.897,98.242,805.274,946.437,99.4183,PRC
1435110088,35111,27803,COSMOS 1375 DEB,DEBRIS,8.0,0.0005040749,839.371,871.187,99.4532,865.897,889.288,65.8139,CIS
1432168900,30676,25756,KITSAT 3,PAYLOAD,935.0,0.0005817938,637.51,1328.432,98.2772,697.027,716.636,98.6206,SKOR
1434049717,38797,40112,CZ-4C R/B,ROCKET BODY,76.0,0.0001836472,848.112,1210.25,99.4723,587.498,1408.843,63.4126,PRC
1434573325,38797,40112,CZ-4C R/B,ROCKET BODY,62.0,0.0001329164,848.112,1210.25,99.4723,587.498,1408.843,63.4126,PRC
1435118602,38797,40112,CZ-4C R/B,ROCKET BODY,54.0,0.0001858027,848.112,1210.25,99.4723,587.498,1408.843,63.4126,PRC
1436371139,38797,40112,CZ-4C R/B,ROCKET BODY,55.0,0.0002664786,848.112,1210.25,99.4723,587.498,1408.843,63.4126,PRC
1435958198,38797,40112,CZ-4C R/B,ROCKET BODY,52.0,0.0002363346,848.112,1210.25,99.4723,587.498,1408.843,63.4126,PRC
1436358214,30174,270278,UNKNOWN,UNKNOWN,256.0,0.0001408207,571.657,590.754,98.7825,557.653,905.12,34.0958,
1434020585,31331,35018,COSMOS 2251 DEB,DEBRIS,97.0,0.00013532,851.497,930.922,98.8703,752.424,1264.176,73.9769,CIS
1433668670,31331,35018,COSMOS 2251 DEB,DEBRIS,116.0,0.000115598,851.497,930.922,98.8703,752.424,1264.176,73.9769,CIS
1433660771,30193,8294,SL-3 R/B,ROCKET BODY,694.0,0.0003343019,649.467,800.588,98.7541,786.258,938.541,81.2108,CIS
1434031183,30193,8294,SL-3 R/B,ROCKET BODY,608.0,0.0003000814,649.467,800.588,98.7541,786.258,938.541,81.2108,CIS
1434645455,30193,8294,SL-3 R/B,ROCKET BODY,530.0,0.0003589352,649.467,800.588,98.7541,786.258,938.541,81.2108,CIS
1435042039,30193,8294,SL-3 R/B,ROCKET BODY,252.0,0.001374815,649.467,800.588,98.7541,786.258,938.541,81.2108,CIS
1435515016,30193,8294,SL-3 R/B,ROCKET BODY,206.0,0.001592063,649.467,800.588,98.7541,786.258,938.541,81.2108,CIS
1436358233,30193,8294,SL-3 R/B,ROCKET BODY,84.0,0.002208156,649.467,800.588,98.7541,786.258,938.541,81.2108,CIS
1436940477,30193,8294,SL-3 R/B,ROCKET BODY,61.0,0.004194224,649.467,800.588,98.7541,786.258,938.541,81.2108,CIS
1436952175,37921,268,THOR ABLESTAR DEB,DEBRIS,25.0,0.0005073483,848.754,971.89,98.9991,949.27,1965.21,67.9394,US
1435890349,37921,268,THOR ABLESTAR DEB,DEBRIS,39.0,0.0002728565,848.754,971.89,98.9991,949.27,1965.21,67.9394,US
1433120503,29960,15521,SL-3 DEB,DEBRIS,188.0,0.0001363641,771.434,901.819,98.6296,821.392,899.559,81.2165,CIS
1434030656,29960,15521,SL-3 DEB,DEBRIS,77.0,0.0002962056,771.434,901.819,98.6296,821.392,899.559,81.2165,CIS
1434644935,29960,15521,SL-3 DEB,DEBRIS,70.0,0.0002284467,771.434,901.819,98.6296,821.392,899.559,81.2165,CIS
1435041551,29960,15521,SL-3 DEB,DEBRIS,56.0,0.0003093182,771.434,901.819,98.6296,821.392,899.559,81.2165,CIS
1435518042,29960,15521,SL-3 DEB,DEBRIS,64.0,0.0001811941,771.434,901.819,98.6296,821.392,899.559,81.2165,CIS
1435929544,29960,15521,SL-3 DEB,DEBRIS,40.0,0.001046438,771.434,901.819,98.6296,821.392,899.559,81.2165,CIS
1436940022,29960,15521,SL-3 DEB,DEBRIS,43.0,0.001080755,771.434,901.819,98.6296,821.392,899.559,81.2165,CIS
1435895684,29973,54283,CZ-6A DEB,DEBRIS,220.0,0.0001491352,826.428,913.588,98.8461,823.936,901.812,98.8345,PRC
1435655905,29973,54283,CZ-6A DEB,DEBRIS,232.0,0.0001312918,826.428,913.588,98.8461,823.936,901.812,98.8345,PRC
1436357820,29973,54283,CZ-6A DEB,DEBRIS,154.0,0.0003170819,826.428,913.588,98.8461,823.936,901.812,98.8345,PRC
1436987789,29973,54283,CZ-6A DEB,DEBRIS,92.0,0.0007230215,826.428,913.588,98.8461,823.936,901.812,98.8345,PRC
1437419738,29973,54283,CZ-6A DEB,DEBRIS,69.0,0.001101635,826.428,913.588,98.8461,823.936,901.812,98.8345,PRC
1434016686,31994,16715,THORAD AGENA D DEB,DEBRIS,65.0,0.0001128426,789.738,1026.836,98.5505,1025.377,1035.098,100.1307,US
1434649852,31994,16715,THORAD AGENA D DEB,DEBRIS,65.0,0.0001105973,789.738,1026.836,98.5505,1025.377,1035.098,100.1307,US
1435932301,31226,20440,OSCAR 17 (DOVE),PAYLOAD,189.0,0.0003405233,710.297,893.742,98.3558,769.706,783.917,98.8642,BRAZ
1437327221,31226,20440,OSCAR 17 (DOVE),PAYLOAD,200.0,0.0004182388,710.297,893.742,98.3558,769.706,783.917,98.8642,BRAZ
1436942728,31226,20440,OSCAR 17 (DOVE),PAYLOAD,199.0,0.0004230884,710.297,893.742,98.3558,769.706,783.917,98.8642,BRAZ
1436360448,31226,20440,OSCAR 17 (DOVE),PAYLOAD,192.0,0.0003984551,710.297,893.742,98.3558,769.706,783.917,98.8642,BRAZ
1437796434,31226,20440,OSCAR 17 (DOVE),PAYLOAD,201.0,0.0004108487,710.297,893.742,98.3558,769.706,783.917,98.8642,BRAZ
1438556763,31226,20440,OSCAR 17 (DOVE),PAYLOAD,189.0,0.0004875596,710.297,893.742,98.3558,769.706,783.917,98.8642,BRAZ
1435517097,36272,13757,COSMOS 1428,PAYLOAD,83.0,0.001621202,713.288,954.218,99.1232,948.696,999.789,82.9117,CIS
1435888292,36272,13757,COSMOS 1428,PAYLOAD,70.0,0.002052732,713.288,954.218,99.1232,948.696,999.789,82.9117,CIS
1436367935,36272,13757,COSMOS 1428,PAYLOAD,37.0,0.002827458,713.288,954.218,99.1232,948.696,999.789,82.9117,CIS
1436950270,36272,13757,COSMOS 1428,PAYLOAD,34.0,0.003447164,713.288,954.218,99.1232,948.696,999.789,82.9117,CIS
1437324333,36272,13757,COSMOS 1428,PAYLOAD,52.0,0.003785379,713.288,954.218,99.1232,948.696,999.789,82.9117,CIS
1438284544,36272,13757,COSMOS 1428,PAYLOAD,32.0,0.004712152,713.288,954.218,99.1232,948.696,999.789,82.9117,CIS
1437752637,36272,13757,COSMOS 1428,PAYLOAD,20.0,0.004477332,713.288,954.218,99.1232,948.696,999.789,82.9117,CIS
1435044683,31327,4594,COSMOS 374,PAYLOAD,516.0,0.0001330309,459.583,559.13,98.9707,526.858,2022.33,62.9317,CIS
1439056907,31879,29980,FENGYUN 1C DEB,DEBRIS,33.0,0.0009169292,599.294,895.399,99.6941,808.316,935.047,98.5693,PRC
1438558229,31879,29980,FENGYUN 1C DEB,DEBRIS,27.0,0.0007120119,599.294,895.399,99.6941,808.316,935.047,98.5693,PRC
1438278841,31879,29980,FENGYUN 1C DEB,DEBRIS,44.0,0.0007608102,599.294,895.399,99.6941,808.316,935.047,98.5693,PRC
1437797876,31879,29980,FENGYUN 1C DEB,DEBRIS,102.0,0.0004271404,599.294,895.399,99.6941,808.316,935.047,98.5693,PRC
1435702128,30670,60900,CZ-6A DEB,DEBRIS,146.0,0.0007730071,810.954,867.647,98.6852,794.242,815.076,88.9127,PRC
1435921390,30670,60900,CZ-6A DEB,DEBRIS,177.0,0.000259582,810.954,867.647,98.6852,794.242,815.076,88.9127,PRC
1435885685,30279,34648,IRIDIUM 33 DEB,DEBRIS,102.0,0.0003284836,655.859,969.569,99.1644,716.879,973.218,86.394,US
1436365381,30279,34648,IRIDIUM 33 DEB,DEBRIS,31.0,0.0006446598,655.859,969.569,99.1644,716.879,973.218,86.394,US
1436947701,30279,34648,IRIDIUM 33 DEB,DEBRIS,39.0,0.0007700346,655.859,969.569,99.1644,716.879,973.218,86.394,US
1438282077,30279,34648,IRIDIUM 33 DEB,DEBRIS,80.0,0.0002812362,655.859,969.569,99.1644,716.879,973.218,86.394,US
1437801076,30279,34648,IRIDIUM 33 DEB,DEBRIS,25.0,0.0009307434,655.859,969.569,99.1644,716.879,973.218,86.394,US
1436358582,30393,270312,UNKNOWN,UNKNOWN,601.0,0.0001207347,845.633,948.61,99.1381,808.494,853.034,98.4524,
1436363485,33605,270316,UNKNOWN,UNKNOWN,640.0,0.0001273744,824.63,907.449,98.7035,813.147,826.044,81.2105,
1440014912,32432,30811,FENGYUN 1C DEB,DEBRIS,31.0,0.0001560798,591.012,829.185,98.1527,821.358,1233.117,98.7637,PRC
1439057605,32432,30811,FENGYUN 1C DEB,DEBRIS,137.0,0.0001139609,591.012,829.185,98.1527,821.358,1233.117,98.7637,PRC
1436362719,32419,18985,COSMOS 1934,PAYLOAD,315.0,0.0001778825,654.364,1061.971,97.9543,946.392,1004.992,82.9582,CIS
1437326385,32419,18985,COSMOS 1934,PAYLOAD,321.0,0.0001301531,654.364,1061.971,97.9543,946.392,1004.992,82.9582,CIS
1436945050,32419,18985,COSMOS 1934,PAYLOAD,311.0,0.000122289,654.364,1061.971,97.9543,946.392,1004.992,82.9582,CIS
1438276843,31046,28931,ALOS,PAYLOAD,484.0,0.0001501249,626.713,677.933,98.9661,659.67,662.683,98.1299,JPN
1440872612,31046,28931,ALOS,PAYLOAD,62.0,0.0001109678,626.713,677.933,98.9661,659.67,662.683,98.1299,JPN
1438555260,30541,7655,DIAMANT B-P4 DEB,DEBRIS,42.0,0.0001813674,800.616,825.015,98.6771,781.411,1041.869,49.8029,FR
1438275718,30541,7655,DIAMANT B-P4 DEB,DEBRIS,76.0,0.0001454747,800.616,825.015,98.6771,781.411,1041.869,49.8029,FR
1439054117,30541,7655,DIAMANT B-P4 DEB,DEBRIS,81.0,0.0002086981,800.616,825.015,98.6771,781.411,1041.869,49.8029,FR
1440011326,30541,7655,DIAMANT B-P4 DEB,DEBRIS,110.0,0.0003797951,800.616,825.015,98.6771,781.411,1041.869,49.8029,FR
1439581863,30541,7655,DIAMANT B-P4 DEB,DEBRIS,116.0,0.0002865047,800.616,825.015,98.6771,781.411,1041.869,49.8029,FR
1441369430,30541,7655,DIAMANT B-P4 DEB,DEBRIS,226.0,0.0002202057,800.616,825.015,98.6771,781.411,1041.869,49.8029,FR
1440014059,31781,23940,TOMS EP,PAYLOAD,25.0,0.0007483409,701.572,981.738,99.5038,675.555,711.677,98.5078,US
1441809939,31781,23940,TOMS EP,PAYLOAD,465.0,0.0005105892,701.572,981.738,99.5038,675.555,711.677,98.5078,US
1440394375,31781,23940,TOMS EP,PAYLOAD,402.0,0.0009397268,701.572,981.738,99.5038,675.555,711.677,98.5078,US
1440874301,31781,23940,TOMS EP,PAYLOAD,482.0,0.000887646,701.572,981.738,99.5038,675.555,711.677,98.5078,US
1441372163,31781,23940,TOMS EP,PAYLOAD,531.0,0.0004466258,701.572,981.738,99.5038,675.555,711.677,98.5078,US
1441433177,35105,41277,NOAA 16 DEB,DEBRIS,111.0,0.0001128951,660.445,818.378,98.9572,695.81,737.835,98.9801,US
1442435453,35220,37537,COSMOS 2251 DEB,DEBRIS,76.0,0.0002116722,782.435,843.955,99.0136,729.943,802.401,74.013,CIS
1442672364,35220,37537,COSMOS 2251 DEB,DEBRIS,126.0,0.0001417104,782.435,843.955,99.0136,729.943,802.401,74.013,CIS
1441389792,35220,37537,COSMOS 2251 DEB,DEBRIS,136.0,0.0001134059,782.435,843.955,99.0136,729.943,802.401,74.013,CIS
1442711123,30247,2674,DIADEME 1,PAYLOAD,729.0,0.0002019457,554.068,803.382,98.272,502.285,791.762,39.9153,FR
1442425940,30883,30454,FENGYUN 1C DEB,DEBRIS,62.0,0.0001700462,762.028,924.92,98.3407,712.87,956.198,98.1365,PRC
1440012348,31028,30205,FENGYUN 1C DEB,DEBRIS,78.0,0.000117472,811.748,1051.246,98.7154,846.001,1024.199,99.0037,PRC
1440872585,31028,30205,FENGYUN 1C DEB,DEBRIS,81.0,0.000106701,811.748,1051.246,98.7154,846.001,1024.199,99.0037,PRC
1439582935,31028,30205,FENGYUN 1C DEB,DEBRIS,51.0,0.000701197,811.748,1051.246,98.7154,846.001,1024.199,99.0037,PRC
1442672005,37067,49047,OBJECT E,UNKNOWN,336.0,0.0001012493,778.361,991.494,99.5288,795.653,802.161,98.6656,PRC
1439581412,30289,6788,THOR BURNER 2 R/B,ROCKET BODY,323.0,0.0001199779,775.295,825.652,98.9244,782.122,821.794,98.6276,US
1440010900,30289,6788,THOR BURNER 2 R/B,ROCKET BODY,315.0,0.0001133572,775.295,825.652,98.9244,782.122,821.794,98.6276,US
1440871027,30289,6788,THOR BURNER 2 R/B,ROCKET BODY,551.0,0.0001903558,775.295,825.652,98.9244,782.122,821.794,98.6276,US
1443111554,30632,1814,FR 1,PAYLOAD,212.0,0.0001785932,651.731,671.941,98.8308,651.704,660.129,75.8662,FR
1443651755,30632,1814,FR 1,PAYLOAD,224.0,0.0002156531,651.731,671.941,98.8308,651.704,660.129,75.8662,FR
1442480795,31498,65115,CZ-12 R/B,ROCKET BODY,269.0,0.0001120571,810.669,1133.368,98.4954,781.918,892.333,49.9857,PRC
1443113524,31498,65115,CZ-12 R/B,ROCKET BODY,47.0,0.0002641258,810.669,1133.368,98.4954,781.918,892.333,49.9857,PRC
1443796717,31498,65115,CZ-12 R/B,ROCKET BODY,40.0,0.0003536215,810.669,1133.368,98.4954,781.918,892.333,49.9857,PRC
1442790126,31498,65115,CZ-12 R/B,ROCKET BODY,59.0,0.0002388986,810.669,1133.368,98.4954,781.918,892.333,49.9857,PRC
1441919783,31498,65115,CZ-12 R/B,ROCKET BODY,340.0,0.0001085017,810.669,1133.368,98.4954,781.918,892.333,49.9857,PRC
1442428161,31861,17143,COSMOS 1799,PAYLOAD,355.0,0.0002663101,775.082,1511.451,102.3357,1412.852,1472.139,74.0135,CIS
1443656586,31861,17143,COSMOS 1799,PAYLOAD,597.0,0.0001872497,775.082,1511.451,102.3357,1412.852,1472.139,74.0135,CIS
1443114234,31861,17143,COSMOS 1799,PAYLOAD,650.0,0.0001638088,775.082,1511.451,102.3357,1412.852,1472.139,74.0135,CIS
1444171936,31861,17143,COSMOS 1799,PAYLOAD,665.0,0.0001535651,775.082,1511.451,102.3357,1412.852,1472.139,74.0135,CIS
1442714613,31861,17143,COSMOS 1799,PAYLOAD,696.0,0.0001471843,775.082,1511.451,102.3357,1412.852,1472.139,74.0135,CIS
1440391688,31861,17143,COSMOS 1799,PAYLOAD,652.0,0.0001665605,775.082,1511.451,102.3357,1412.852,1472.139,74.0135,CIS
1441372299,31861,17143,COSMOS 1799,PAYLOAD,704.0,0.0001653962,775.082,1511.451,102.3357,1412.852,1472.139,74.0135,CIS
1440874451,31861,17143,COSMOS 1799,PAYLOAD,724.0,0.0001574835,775.082,1511.451,102.3357,1412.852,1472.139,74.0135,CIS
1442436108,30107,38028,IRIDIUM 33 DEB,DEBRIS,240.0,0.0003084952,752.578,935.514,98.8207,716.732,756.614,86.3211,US
1441811596,33613,23814,REX 2,PAYLOAD,690.0,0.0002555676,755.13,795.996,98.6821,793.191,821.433,90.0102,US
1440871609,30599,18822,DMSP 5D-2 F9 (USA 29),PAYLOAD,964.0,0.0003842418,608.687,1039.532,98.5972,791.183,800.228,98.3539,US
1442426018,30925,22675,COSMOS 2251,PAYLOAD,532.0,0.0001394476,715.811,763.488,98.8881,763.916,797.877,74.0408,CIS
1441370243,30925,22675,COSMOS 2251,PAYLOAD,386.0,0.0001696269,715.811,763.488,98.8881,763.916,797.877,74.0408,CIS
1443112154,30925,22675,COSMOS 2251,PAYLOAD,252.0,0.0002952155,715.811,763.488,98.8881,763.916,797.877,74.0408,CIS
1442712506,30925,22675,COSMOS 2251,PAYLOAD,202.0,0.0004718893,715.811,763.488,98.8881,763.916,797.877,74.0408,CIS
1441808124,30925,22675,COSMOS 2251,PAYLOAD,47.0,0.0002776936,715.811,763.488,98.8881,763.916,797.877,74.0408,CIS
1444645195,30949,41657,NOAA 16 DEB,DEBRIS,55.0,0.0001024641,761.584,928.552,98.7068,775.468,790.712,98.6272,US
1444617418,31073,5746,THOR ABLESTAR DEB,DEBRIS,177.0,0.0001145051,776.034,836.873,99.2099,803.442,853.81,66.3046,US
1445923845,37914,33726,FENGYUN 1C DEB,DEBRIS,369.0,0.0001556402,787.457,885.887,99.2199,705.64,981.629,98.654,PRC
1445301698,37914,33726,FENGYUN 1C DEB,DEBRIS,338.0,0.0001266623,787.457,885.887,99.2199,705.64,981.629,98.654,PRC
1442425624,30753,15334,SL-12 R/B(2),ROCKET BODY,820.0,0.0002935164,809.992,887.171,98.7903,838.316,841.851,71.0027,CIS
1446080460,36689,57393,ELECTRON KICK STAGE R/B,ROCKET BODY,224.0,0.0001159228,755.349,1207.321,98.4731,449.109,879.292,99.3293,US
1446455190,36689,57393,ELECTRON KICK STAGE R/B,ROCKET BODY,212.0,0.0002011662,755.349,1207.321,98.4731,449.109,879.292,99.3293,US
1443685505,30356,36860,METEOR 2-8 DEB,DEBRIS,85.0,0.0002068381,810.863,884.39,98.6897,802.491,848.814,82.5177,CIS
1443120744,30356,36860,METEOR 2-8 DEB,DEBRIS,116.0,0.0001658196,810.863,884.39,98.6897,802.491,848.814,82.5177,CIS
1446151412,30141,18681,SL-8 DEB,DEBRIS,207.0,0.0001092,699.093,721.08,99.0182,715.155,737.767,74.0281,CIS
1446098540,30141,18681,SL-8 DEB,DEBRIS,14.0,0.0001141768,699.093,721.08,99.0182,715.155,737.767,74.0281,CIS
1443110860,30275,270078,UNKNOWN,UNKNOWN,335.0,0.000128745,706.012,761.299,98.6189,757.61,785.454,86.3978,
1442711178,30275,270078,UNKNOWN,UNKNOWN,306.0,0.0001531262,706.012,761.299,98.6189,757.61,785.454,86.3978,
1444615781,30275,270078,UNKNOWN,UNKNOWN,181.0,0.000188845,706.012,761.299,98.6189,757.61,785.454,86.3978,
1446149177,30931,12870,COSMOS 970 DEB,DEBRIS,151.0,0.0001667525,820.596,954.382,99.15,853.599,1008.81,65.724,CIS
1447271108,30931,12870,COSMOS 970 DEB,DEBRIS,178.0,0.000130129,820.596,954.382,99.15,853.599,1008.81,65.724,CIS
1446100161,30931,12870,COSMOS 970 DEB,DEBRIS,160.0,0.0001604576,820.596,954.382,99.15,853.599,1008.81,65.724,CIS
1447861232,31199,3392,SCOUT B DEB,DEBRIS,125.0,0.0001005956,813.208,904.896,98.7307,601.527,1068.581,80.6653,US
1444169651,30867,10539,COSMOS 972,PAYLOAD,265.0,0.001885427,757.999,829.134,97.8721,710.546,1152.61,75.8337,CIS
1446100020,30867,10539,COSMOS 972,PAYLOAD,196.0,0.0008962325,757.999,829.134,97.8721,710.546,1152.61,75.8337,CIS
1445290454,30867,10539,COSMOS 972,PAYLOAD,175.0,0.002678606,757.999,829.134,97.8721,710.546,1152.61,75.8337,CIS
1444616958,30867,10539,COSMOS 972,PAYLOAD,64.0,0.007056081,757.999,829.134,97.8721,710.546,1152.61,75.8337,CIS
1444087707,47101,15482,COSMOS 1624,PAYLOAD,242.0,0.0003040769,748.092,894.96,98.8072,768.437,788.62,74.0414,CIS
1445893684,47101,15482,COSMOS 1624,PAYLOAD,804.0,0.0005036272,748.092,894.96,98.8072,768.437,788.62,74.0414,CIS
1444171208,31510,16952,COSMOS 1777,PAYLOAD,205.0,0.0008890775,783.024,834.547,98.5584,759.549,796.69,74.0049,CIS
1446150969,31510,16952,COSMOS 1777,PAYLOAD,233.0,0.0003768354,783.024,834.547,98.5584,759.549,796.69,74.0049,CIS
1447273017,31510,16952,COSMOS 1777,PAYLOAD,280.0,0.0003207245,783.024,834.547,98.5584,759.549,796.69,74.0049,CIS
1446856717,31510,16952,COSMOS 1777,PAYLOAD,310.0,0.0002322134,783.024,834.547,98.5584,759.549,796.69,74.0049,CIS
1446101640,31510,16952,COSMOS 1777,PAYLOAD,249.0,0.0005751852,783.024,834.547,98.5584,759.549,796.69,74.0049,CIS
1445292113,31510,16952,COSMOS 1777,PAYLOAD,321.0,0.0004458211,783.024,834.547,98.5584,759.549,796.69,74.0049,CIS
1444618444,31510,16952,COSMOS 1777,PAYLOAD,510.0,0.0002759768,783.024,834.547,98.5584,759.549,796.69,74.0049,CIS
1446098030,29856,6079,METEOR 1-12,PAYLOAD,235.0,0.0001699516,540.945,889.328,98.6847,874.26,888.621,81.23,CIS
1445288410,29856,6079,METEOR 1-12,PAYLOAD,199.0,0.0001744188,540.945,889.328,98.6847,874.26,888.621,81.23,CIS
1444634627,47101,8542,DELTA 1 DEB,DEBRIS,246.0,0.000104813,748.092,894.96,98.8072,684.586,1196.476,97.962,US
1446147946,29956,7209,METEOR 1-16,PAYLOAD,73.0,0.007092312,834.086,910.676,98.7729,815.745,871.999,81.2268,CIS
1446853307,29956,7209,METEOR 1-16,PAYLOAD,118.0,0.004561413,834.086,910.676,98.7729,815.745,871.999,81.2268,CIS
1447269746,29956,7209,METEOR 1-16,PAYLOAD,115.0,0.004547725,834.086,910.676,98.7729,815.745,871.999,81.2268,CIS
1449031370,29956,7209,METEOR 1-16,PAYLOAD,63.0,0.01143078,834.086,910.676,98.7729,815.745,871.999,81.2268,CIS
1449476382,29956,7209,METEOR 1-16,PAYLOAD,37.0,0.02300725,834.086,910.676,98.7729,815.745,871.999,81.2268,CIS
1448561373,29956,7209,METEOR 1-16,PAYLOAD,91.0,0.005199089,834.086,910.676,98.7729,815.745,871.999,81.2268,CIS
1447884795,32119,41289,NOAA 16 DEB,DEBRIS,246.0,0.0001245473,819.798,945.794,99.8758,807.325,855.428,98.6444,US
1447252754,25730,54955,CZ-6A DEB,DEBRIS,817.0,0.0008550938,794.717,809.664,98.8636,667.722,834.291,98.5646,PRC
1446897183,25730,54955,CZ-6A DEB,DEBRIS,78.0,0.0003049236,794.717,809.664,98.8636,667.722,834.291,98.5646,PRC
1451032531,30243,61295,CZ-6A DEB,DEBRIS,3.0,0.009100652,838.603,858.0,98.6879,792.638,859.613,89.0095,PRC
1450878739,30243,61295,CZ-6A DEB,DEBRIS,10.0,0.008393483,838.603,858.0,98.6879,792.638,859.613,89.0095,PRC
1449996898,30243,61295,CZ-6A DEB,DEBRIS,4.0,0.008141996,838.603,858.0,98.6879,792.638,859.613,89.0095,PRC
1447300774,30243,61295,CZ-6A DEB,DEBRIS,43.0,0.001363471,838.603,858.0,98.6879,792.638,859.613,89.0095,PRC
1449118367,30243,61295,CZ-6A DEB,DEBRIS,4.0,0.00634999,838.603,858.0,98.6879,792.638,859.613,89.0095,PRC
1449476851,30243,61295,CZ-6A DEB,DEBRIS,2.0,0.00744335,838.603,858.0,98.6879,792.638,859.613,89.0095,PRC
1448651351,30243,61295,CZ-6A DEB,DEBRIS,6.0,0.005715165,838.603,858.0,98.6879,792.638,859.613,89.0095,PRC
1447944005,30243,61295,CZ-6A DEB,DEBRIS,33.0,0.002204818,838.603,858.0,98.6879,792.638,859.613,89.0095,PRC
1449479908,31657,56158,OBJECT B,UNKNOWN,979.0,0.00017374,791.295,1006.747,102.2147,845.044,1164.599,63.4057,PRC
1448565153,31657,56158,OBJECT B,UNKNOWN,796.0,0.0001224101,791.295,1006.747,102.2147,845.044,1164.599,63.4057,PRC
1447862418,31657,56158,OBJECT B,UNKNOWN,834.0,0.0001046362,791.295,1006.747,102.2147,845.044,1164.599,63.4057,PRC
1451041934,36272,32315,FENGYUN 1C DEB,DEBRIS,46.0,0.0001355939,713.288,954.218,99.1232,843.829,1182.544,100.8264,PRC
1451585322,36272,32315,FENGYUN 1C DEB,DEBRIS,47.0,0.0001376893,713.288,954.218,99.1232,843.829,1182.544,100.8264,PRC
1449937352,36272,32315,FENGYUN 1C DEB,DEBRIS,58.0,0.0001385904,713.288,954.218,99.1232,843.829,1182.544,100.8264,PRC
1448992470,36272,32315,FENGYUN 1C DEB,DEBRIS,53.0,0.0001170991,713.288,954.218,99.1232,843.829,1182.544,100.8264,PRC
1449486471,36272,32315,FENGYUN 1C DEB,DEBRIS,67.0,0.000127625,713.288,954.218,99.1232,843.829,1182.544,100.8264,PRC
1451585295,36255,22080,COSMOS 2208,PAYLOAD,537.0,0.0001392052,721.258,813.656,99.4435,777.297,796.058,74.0429,CIS
1451041904,36255,22080,COSMOS 2208,PAYLOAD,563.0,0.0001376039,721.258,813.656,99.4435,777.297,796.058,74.0429,CIS
1449937321,36255,22080,COSMOS 2208,PAYLOAD,499.0,0.0001983238,721.258,813.656,99.4435,777.297,796.058,74.0429,CIS
1448992444,36255,22080,COSMOS 2208,PAYLOAD,424.0,0.0001105913,721.258,813.656,99.4435,777.297,796.058,74.0429,CIS
1449486445,36255,22080,COSMOS 2208,PAYLOAD,371.0,0.0001454791,721.258,813.656,99.4435,777.297,796.058,74.0429,CIS
1451876793,31826,41289,NOAA 16 DEB,DEBRIS,194.0,0.0001534508,736.949,916.739,98.6374,807.325,855.428,98.6444,US
1451845784,31510,54473,CZ-6A DEB,DEBRIS,45.0,0.0002267603,783.024,834.547,98.5584,808.552,853.949,98.8414,PRC
1451071072,31510,54473,CZ-6A DEB,DEBRIS,65.0,0.0002188475,783.024,834.547,98.5584,808.552,853.949,98.8414,PRC
1451565594,31510,54473,CZ-6A DEB,DEBRIS,37.0,0.0002316688,783.024,834.547,98.5584,808.552,853.949,98.8414,PRC
1449957262,31510,54473,CZ-6A DEB,DEBRIS,34.0,0.0002128786,783.024,834.547,98.5584,808.552,853.949,98.8414,PRC
1449002786,31510,54473,CZ-6A DEB,DEBRIS,39.0,0.0001240907,783.024,834.547,98.5584,808.552,853.949,98.8414,PRC
1448611470,31510,54473,CZ-6A DEB,DEBRIS,29.0,0.000127303,783.024,834.547,98.5584,808.552,853.949,98.8414,PRC
1449479683,31510,54473,CZ-6A DEB,DEBRIS,57.0,0.0001436614,783.024,834.547,98.5584,808.552,853.949,98.8414,PRC
1451858313,31844,36860,METEOR 2-8 DEB,DEBRIS,69.0,0.0001205339,751.364,897.203,100.3039,802.491,848.814,82.5177,CIS
1451043001,31844,36860,METEOR 2-8 DEB,DEBRIS,74.0,0.0001004591,751.364,897.203,100.3039,802.491,848.814,82.5177,CIS
1448565609,31844,36860,METEOR 2-8 DEB,DEBRIS,99.0,0.0001284054,751.364,897.203,100.3039,802.491,848.814,82.5177,CIS
1451032036,29947,20480,JAS 1B (FUJI 2),PAYLOAD,216.0,0.0001116073,852.992,912.679,98.8179,911.863,1743.089,99.0719,JPN
1450761640,29947,20480,JAS 1B (FUJI 2),PAYLOAD,215.0,0.0002154268,852.992,912.679,98.8179,911.863,1743.089,99.0719,JPN
1449906778,29947,20480,JAS 1B (FUJI 2),PAYLOAD,235.0,0.0002932073,852.992,912.679,98.8179,911.863,1743.089,99.0719,JPN
1449476373,29947,20480,JAS 1B (FUJI 2),PAYLOAD,233.0,0.0008130796,852.992,912.679,98.8179,911.863,1743.089,99.0719,JPN
1449031360,29947,20480,JAS 1B (FUJI 2),PAYLOAD,201.0,0.001428209,852.992,912.679,98.8179,911.863,1743.089,99.0719,JPN
1448561363,29947,20480,JAS 1B (FUJI 2),PAYLOAD,221.0,0.001095781,852.992,912.679,98.8179,911.863,1743.089,99.0719,JPN
1452327878,30088,416,THOR ABLESTAR DEB,DEBRIS,220.0,0.0001585993,627.081,914.319,98.3699,785.532,900.959,66.5009,US
1450761910,30088,416,THOR ABLESTAR DEB,DEBRIS,135.0,0.0003942235,627.081,914.319,98.3699,785.532,900.959,66.5009,US
1451842621,30088,416,THOR ABLESTAR DEB,DEBRIS,270.0,0.0002192144,627.081,914.319,98.3699,785.532,900.959,66.5009,US
1451032301,30088,416,THOR ABLESTAR DEB,DEBRIS,260.0,0.0003072112,627.081,914.319,98.3699,785.532,900.959,66.5009,US
1451574782,30088,416,THOR ABLESTAR DEB,DEBRIS,279.0,0.0002645438,627.081,914.319,98.3699,785.532,900.959,66.5009,US
1449907077,30088,416,THOR ABLESTAR DEB,DEBRIS,180.0,0.0003338841,627.081,914.319,98.3699,785.532,900.959,66.5009,US
1449476635,30088,416,THOR ABLESTAR DEB,DEBRIS,190.0,0.0002541049,627.081,914.319,98.3699,785.532,900.959,66.5009,US
1453921604,31949,39639,COSMOS 1867 COOLANT,DEBRIS,91.0,0.0001704532,743.869,926.188,98.5602,767.717,791.54,65.0037,CIS
1453395281,31949,39639,COSMOS 1867 COOLANT,DEBRIS,88.0,0.0001674796,743.869,926.188,98.5602,767.717,791.54,65.0037,CIS
1452963846,31949,39639,COSMOS 1867 COOLANT,DEBRIS,108.0,0.0001724617,743.869,926.188,98.5602,767.717,791.54,65.0037,CIS
1451863545,31949,39639,COSMOS 1867 COOLANT,DEBRIS,128.0,0.0001433689,743.869,926.188,98.5602,767.717,791.54,65.0037,CIS
1451579201,31949,39639,COSMOS 1867 COOLANT,DEBRIS,174.0,0.0001188521,743.869,926.188,98.5602,767.717,791.54,65.0037,CIS
1449908997,31026,21835,MAGION 3,PAYLOAD,355.0,0.0003588257,852.888,1050.334,98.7917,431.211,2744.02,82.5354,CZCH
1451857215,36273,26132,CZ-4 DEB,DEBRIS,30.0,0.0001089294,767.071,905.712,99.5884,634.652,778.562,98.6379,PRC
1454467308,31333,37863,COSMOS 1331 DEB,DEBRIS,73.0,0.0004421817,732.279,870.784,98.421,740.264,771.257,74.0461,CIS
1453907579,31053,10621,COSMOS 839 DEB,DEBRIS,120.0,0.0001674783,750.421,1201.583,98.806,1011.139,2077.843,66.0293,CIS
1454433189,31053,10621,COSMOS 839 DEB,DEBRIS,99.0,0.0001969441,750.421,1201.583,98.806,1011.139,2077.843,66.0293,CIS
1454854993,31053,10621,COSMOS 839 DEB,DEBRIS,62.0,0.0002287388,750.421,1201.583,98.806,1011.139,2077.843,66.0293,CIS
1452329736,31053,10621,COSMOS 839 DEB,DEBRIS,166.0,0.0001086515,750.421,1201.583,98.806,1011.139,2077.843,66.0293,CIS
1452961518,31053,10621,COSMOS 839 DEB,DEBRIS,62.0,0.0001600317,750.421,1201.583,98.806,1011.139,2077.843,66.0293,CIS
1453907625,31088,16682,SL-8 R/B,ROCKET BODY,146.0,0.0004785279,772.904,811.469,99.3957,756.484,778.176,74.0273,CIS
1454435309,31088,16682,SL-8 R/B,ROCKET BODY,170.0,0.000326442,772.904,811.469,99.3957,756.484,778.176,74.0273,CIS
1452329797,31088,16682,SL-8 R/B,ROCKET BODY,286.0,0.0002378213,772.904,811.469,99.3957,756.484,778.176,74.0273,CIS
1453914770,31627,35846,IRIDIUM 33 DEB,DEBRIS,157.0,0.0001374404,732.614,807.446,98.5122,731.868,760.407,86.3776,US
1452336808,31627,35846,IRIDIUM 33 DEB,DEBRIS,143.0,0.0001036011,732.614,807.446,98.5122,731.868,760.407,86.3776,US
1454464107,31627,35846,IRIDIUM 33 DEB,DEBRIS,167.0,0.0001019213,732.614,807.446,98.5122,731.868,760.407,86.3776,US
1453388403,31627,35846,IRIDIUM 33 DEB,DEBRIS,165.0,0.0001151693,732.614,807.446,98.5122,731.868,760.407,86.3776,US
1453344597,31888,5174,COSMOS 407,PAYLOAD,474.0,0.000275648,759.77,786.15,99.1597,764.654,790.565,74.0439,CIS
1453909542,31888,5174,COSMOS 407,PAYLOAD,94.0,0.0004302842,759.77,786.15,99.1597,764.654,790.565,74.0439,CIS
1454431928,31888,5174,COSMOS 407,PAYLOAD,106.0,0.0005076605,759.77,786.15,99.1597,764.654,790.565,74.0439,CIS
1455318917,31888,5174,COSMOS 407,PAYLOAD,117.0,0.0006129473,759.77,786.15,99.1597,764.654,790.565,74.0439,CIS
1454857194,31888,5174,COSMOS 407,PAYLOAD,166.0,0.0004088288,759.77,786.15,99.1597,764.654,790.565,74.0439,CIS
1452963582,31888,5174,COSMOS 407,PAYLOAD,77.0,0.0004010024,759.77,786.15,99.1597,764.654,790.565,74.0439,CIS
1455354936,30151,54273,CZ-6A DEB,DEBRIS,260.0,0.0001710541,828.211,1066.045,99.0613,794.804,831.232,98.7925,PRC
1455925926,30151,54273,CZ-6A DEB,DEBRIS,220.0,0.0003024712,828.211,1066.045,99.0613,794.804,831.232,98.7925,PRC
1454485457,30151,54273,CZ-6A DEB,DEBRIS,35.0,0.000263529,828.211,1066.045,99.0613,794.804,831.232,98.7925,PRC
1454798484,30151,54273,CZ-6A DEB,DEBRIS,155.0,0.0003788312,828.211,1066.045,99.0613,794.804,831.232,98.7925,PRC
1452958877,29754,26069,COSMOS 2369,PAYLOAD,253.0,0.0002590496,800.202,852.556,98.8861,837.813,854.383,70.9971,CIS
1451842045,29754,26069,COSMOS 2369,PAYLOAD,102.0,0.000237427,800.202,852.556,98.8861,837.813,854.383,70.9971,CIS
1455906674,29875,41429,NOAA 16 DEB,DEBRIS,236.0,0.0001430216,749.762,867.807,98.3783,778.912,805.764,98.7062,US
1456692565,29875,41429,NOAA 16 DEB,DEBRIS,217.0,0.0001616792,749.762,867.807,98.3783,778.912,805.764,98.7062,US
1456673633,31222,62730,OBJECT B,UNKNOWN,344.0,0.000481627,456.351,671.136,98.5816,523.154,542.843,97.6541,PRC
1455317110,31222,62730,OBJECT B,UNKNOWN,100.0,0.0003617131,456.351,671.136,98.5816,523.154,542.843,97.6541,PRC
1457684974,31222,62730,OBJECT B,UNKNOWN,260.0,0.0005419816,456.351,671.136,98.5816,523.154,542.843,97.6541,PRC
1454855340,31222,62730,OBJECT B,UNKNOWN,692.0,0.0001712329,456.351,671.136,98.5816,523.154,542.843,97.6541,PRC
1453905285,29850,3271,THOR BURNER 2 R/B,ROCKET BODY,864.0,0.0002245296,817.251,967.466,98.1233,796.943,869.9,98.5701,US
1454431027,29850,3271,THOR BURNER 2 R/B,ROCKET BODY,988.0,0.0002160574,817.251,967.466,98.1233,796.943,869.9,98.5701,US
1454859111,33682,8343,COSMOS 773,PAYLOAD,975.0,0.0003557953,779.469,819.614,99.4055,763.052,780.767,74.0554,CIS
1458149691,33684,25482,ORBCOMM FM 28,PAYLOAD,738.0,0.0004585422,447.197,832.642,99.0417,759.862,762.805,45.0042,ORB
1457688920,33684,25482,ORBCOMM FM 28,PAYLOAD,730.0,0.0004744783,447.197,832.642,99.0417,759.862,762.805,45.0042,ORB
1458700912,33684,25482,ORBCOMM FM 28,PAYLOAD,859.0,0.0001190601,447.197,832.642,99.0417,759.862,762.805,45.0042,ORB
1459241881,30756,82873,UNKNOWN,UNKNOWN,224.0,0.000123351,777.092,879.375,98.9766,780.393,832.976,99.9933,
1456672345,30677,24921,PEGASUS R/B,ROCKET BODY,670.0,0.0001682455,713.367,808.974,98.2372,786.736,819.793,69.9692,US
1455871980,30067,5560,ASTEX 1,PAYLOAD,225.0,0.003668842,638.433,851.313,98.7511,713.473,732.469,92.7032,US
1456670923,30067,5560,ASTEX 1,PAYLOAD,247.0,0.002173409,638.433,851.313,98.7511,713.473,732.469,92.7032,US
1455314708,30067,5560,ASTEX 1,PAYLOAD,167.0,0.00295393,638.433,851.313,98.7511,713.473,732.469,92.7032,US
1457094639,30067,5560,ASTEX 1,PAYLOAD,130.0,0.003150328,638.433,851.313,98.7511,713.473,732.469,92.7032,US
1459794653,30067,5560,ASTEX 1,PAYLOAD,44.0,0.0213222,638.433,851.313,98.7511,713.473,732.469,92.7032,US
1457682107,30067,5560,ASTEX 1,PAYLOAD,74.0,0.007689999,638.433,851.313,98.7511,713.473,732.469,92.7032,US
1458142354,30067,5560,ASTEX 1,PAYLOAD,65.0,0.01686775,638.433,851.313,98.7511,713.473,732.469,92.7032,US
1460420158,30067,5560,ASTEX 1,PAYLOAD,41.0,0.007967351,638.433,851.313,98.7511,713.473,732.469,92.7032,US
1459240176,30067,5560,ASTEX 1,PAYLOAD,37.0,0.03430419,638.433,851.313,98.7511,713.473,732.469,92.7032,US
1458693506,30067,5560,ASTEX 1,PAYLOAD,15.0,0.03179435,638.433,851.313,98.7511,713.473,732.469,92.7032,US
1456681291,30731,35724,COSMOS 2251 DEB,DEBRIS,174.0,0.0001171659,734.715,756.536,98.8505,655.433,740.295,74.0337,CIS
1458147166,31903,31834,FENGYUN 1C DEB,DEBRIS,368.0,0.0001202859,598.918,777.043,99.2786,764.288,1000.25,98.3544,PRC
1457687045,31903,31834,FENGYUN 1C DEB,DEBRIS,310.0,0.0001464243,598.918,777.043,99.2786,764.288,1000.25,98.3544,PRC
1459245102,31903,31834,FENGYUN 1C DEB,DEBRIS,250.0,0.0001739173,598.918,777.043,99.2786,764.288,1000.25,98.3544,PRC
1460428357,31217,34732,COSMOS 2251 DEB,DEBRIS,57.0,0.0001937688,759.969,904.581,98.6385,705.207,762.796,74.0448,CIS
1461459302,32156,12792,SL-8 R/B,ROCKET BODY,81.0,0.002870185,725.853,842.648,99.3641,752.485,770.892,74.0286,CIS
1460425079,32156,12792,SL-8 R/B,ROCKET BODY,91.0,0.001962209,725.853,842.648,99.3641,752.485,770.892,74.0286,CIS
1456701928,31201,54510,CZ-6A DEB,DEBRIS,281.0,0.0001436275,672.163,871.749,98.9888,700.955,789.785,98.676,PRC
1462001170,32106,60641,CZ-6A DEB,DEBRIS,83.0,0.0002347741,718.323,866.882,101.4628,727.064,1233.399,89.5806,PRC
1462351470,32106,60641,CZ-6A DEB,DEBRIS,81.0,0.0002371311,718.323,866.882,101.4628,727.064,1233.399,89.5806,PRC
1461492400,32106,60641,CZ-6A DEB,DEBRIS,38.0,0.0002306063,718.323,866.882,101.4628,727.064,1233.399,89.5806,PRC
1459249702,35210,82820,UNKNOWN,UNKNOWN,330.0,0.0001277226,738.303,808.067,99.0948,737.884,805.342,99.7968,
1457691747,35210,82820,UNKNOWN,UNKNOWN,422.0,0.0001180368,738.303,808.067,99.0948,737.884,805.342,99.7968,
1462287187,35160,35885,COSMOS 2251 DEB,DEBRIS,21.0,0.0009810373,644.773,896.252,99.1688,749.449,782.218,74.0298,CIS
1459251117,35160,35885,COSMOS 2251 DEB,DEBRIS,149.0,0.0001820937,644.773,896.252,99.1688,749.449,782.218,74.0298,CIS
1461464816,35160,35885,COSMOS 2251 DEB,DEBRIS,12.0,0.0009393277,644.773,896.252,99.1688,749.449,782.218,74.0298,CIS
1459805900,35160,35885,COSMOS 2251 DEB,DEBRIS,35.0,0.000492339,644.773,896.252,99.1688,749.449,782.218,74.0298,CIS
1463705436,35160,35885,COSMOS 2251 DEB,DEBRIS,92.0,0.0003992846,644.773,896.252,99.1688,749.449,782.218,74.0298,CIS
1460430424,35160,35885,COSMOS 2251 DEB,DEBRIS,32.0,0.0005763996,644.773,896.252,99.1688,749.449,782.218,74.0298,CIS
1462276784,29899,29770,FENGYUN 1C DEB,DEBRIS,535.0,0.0001056695,853.254,1383.604,98.6855,776.707,867.05,98.8337,PRC
1461915702,35105,13648,COSMOS 1420,PAYLOAD,148.0,0.0007666168,660.445,818.378,98.9572,761.778,789.783,73.9937,CIS
1462285693,35105,13648,COSMOS 1420,PAYLOAD,141.0,0.0008032983,660.445,818.378,98.9572,761.778,789.783,73.9937,CIS
1459804317,35105,13648,COSMOS 1420,PAYLOAD,158.0,0.0003728032,660.445,818.378,98.9572,761.778,789.783,73.9937,CIS
1459249505,35105,13648,COSMOS 1420,PAYLOAD,197.0,0.0003074596,660.445,818.378,98.9572,761.778,789.783,73.9937,CIS
1461463165,35105,13648,COSMOS 1420,PAYLOAD,249.0,0.000407408,660.445,818.378,98.9572,761.778,789.783,73.9937,CIS
1464144238,35105,13648,COSMOS 1420,PAYLOAD,235.0,0.0001920685,660.445,818.378,98.9572,761.778,789.783,73.9937,CIS
1463010774,35105,13648,COSMOS 1420,PAYLOAD,262.0,0.0001185586,660.445,818.378,98.9572,761.778,789.783,73.9937,CIS
1463703888,35105,13648,COSMOS 1420,PAYLOAD,262.0,0.0001165599,660.445,818.378,98.9572,761.778,789.783,73.9937,CIS
1464282368,31667,27422,IDEFIX/ARIANE 42P,PAYLOAD,265.0,0.0001267879,775.822,850.042,99.0716,779.351,797.018,98.5927,FR
1463698891,31667,27422,IDEFIX/ARIANE 42P,PAYLOAD,263.0,0.0001428342,775.822,850.042,99.0716,779.351,797.018,98.5927,FR
1460424071,31667,27422,IDEFIX/ARIANE 42P,PAYLOAD,281.0,0.0001004054,775.822,850.042,99.0716,779.351,797.018,98.5927,FR
1459797463,31240,6256,METEOR 1-13,PAYLOAD,690.0,0.000126506,827.764,892.751,98.7525,841.532,880.846,81.2727,CIS
1459243109,31240,6256,METEOR 1-13,PAYLOAD,780.0,0.0001120172,827.764,892.751,98.7525,841.532,880.846,81.2727,CIS
1461997905,35090,60397,CZ-6A R/B,ROCKET BODY,464.0,0.0001598413,791.9,869.249,99.1885,797.157,854.384,88.9964,PRC
1462348324,35090,60397,CZ-6A R/B,ROCKET BODY,472.0,0.000156015,791.9,869.249,99.1885,797.157,854.384,88.9964,PRC
1459866973,35090,60397,CZ-6A R/B,ROCKET BODY,200.0,0.0001389851,791.9,869.249,99.1885,797.157,854.384,88.9964,PRC
1464207793,35090,60397,CZ-6A R/B,ROCKET BODY,138.0,0.0005516315,791.9,869.249,99.1885,797.157,854.384,88.9964,PRC
1465046878,35090,60397,CZ-6A R/B,ROCKET BODY,85.0,0.0007323276,791.9,869.249,99.1885,797.157,854.384,88.9964,PRC
1461538980,35090,60397,CZ-6A R/B,ROCKET BODY,26.0,0.0003221594,791.9,869.249,99.1885,797.157,854.384,88.9964,PRC
1463085985,35090,60397,CZ-6A R/B,ROCKET BODY,24.0,0.0007698359,791.9,869.249,99.1885,797.157,854.384,88.9964,PRC
1463703875,35090,60397,CZ-6A R/B,ROCKET BODY,38.0,0.0007769284,791.9,869.249,99.1885,797.157,854.384,88.9964,PRC
1460501124,35090,60397,CZ-6A R/B,ROCKET BODY,34.0,0.00017871,791.9,869.249,99.1885,797.157,854.384,88.9964,PRC
1462266088,31569,40450,DMSP 5D-2 F13 DEB,DEBRIS,275.0,0.0001128112,777.474,1032.377,102.615,774.573,795.458,98.6347,US
1465663828,33690,33798,COSMOS 2251 DEB,DEBRIS,490.0,0.0001131197,691.736,732.312,98.6113,677.128,808.366,74.03,CIS
1464731342,33690,33798,COSMOS 2251 DEB,DEBRIS,46.0,0.000149136,691.736,732.312,98.6113,677.128,808.366,74.03,CIS
1465322387,33690,33798,COSMOS 2251 DEB,DEBRIS,113.0,0.0001812654,691.736,732.312,98.6113,677.128,808.366,74.03,CIS
1462278960,30934,270373,UNKNOWN,UNKNOWN,96.0,0.00038009,827.488,1337.346,98.7582,823.257,919.407,98.8521,
1464280503,30934,270373,UNKNOWN,UNKNOWN,328.0,0.0001586834,827.488,1337.346,98.7582,823.257,919.407,98.8521,
1463696923,30934,270373,UNKNOWN,UNKNOWN,298.0,0.0002872509,827.488,1337.346,98.7582,823.257,919.407,98.8521,
1461456199,30934,270373,UNKNOWN,UNKNOWN,279.0,0.0003011609,827.488,1337.346,98.7582,823.257,919.407,98.8521,
1463003413,30934,270373,UNKNOWN,UNKNOWN,447.0,0.0002433095,827.488,1337.346,98.7582,823.257,919.407,98.8521,
1463710419,30272,39119,BLITS DEB,DEBRIS,343.0,0.0001061461,804.025,877.747,98.886,812.438,820.061,98.7631,CIS
1463001773,30272,39119,BLITS DEB,DEBRIS,84.0,0.0002036827,804.025,877.747,98.886,812.438,820.061,98.7631,CIS
1466728822,31888,31727,FENGYUN 1C DEB,DEBRIS,47.0,0.0004223939,759.77,786.15,99.1597,740.709,782.256,98.8692,PRC
1465698976,31261,20443,ARIANE 40 R/B,ROCKET BODY,194.0,0.001343956,719.103,790.928,99.0317,751.171,766.453,98.2983,FR
1465318318,31261,20443,ARIANE 40 R/B,ROCKET BODY,44.0,0.001291868,719.103,790.928,99.0317,751.171,766.453,98.2983,FR
1464281153,31261,20443,ARIANE 40 R/B,ROCKET BODY,26.0,0.0005401513,719.103,790.928,99.0317,751.171,766.453,98.2983,FR
1464717220,31261,20443,ARIANE 40 R/B,ROCKET BODY,144.0,0.0006278163,719.103,790.928,99.0317,751.171,766.453,98.2983,FR
1463004133,31261,20443,ARIANE 40 R/B,ROCKET BODY,351.0,0.0004352856,719.103,790.928,99.0317,751.171,766.453,98.2983,FR
1463697615,31261,20443,ARIANE 40 R/B,ROCKET BODY,323.0,0.0005004832,719.103,790.928,99.0317,751.171,766.453,98.2983,FR
1462285737,35156,10877,COSMOS 970 DEB,DEBRIS,96.0,0.0002865962,829.348,883.842,98.7678,868.116,1086.104,65.7676,CIS
1465666118,35156,10877,COSMOS 970 DEB,DEBRIS,48.0,0.0003194142,829.348,883.842,98.7678,868.116,1086.104,65.7676,CIS
1467263152,35156,10877,COSMOS 970 DEB,DEBRIS,51.0,0.0002817758,829.348,883.842,98.7678,868.116,1086.104,65.7676,CIS
1463009560,35156,10877,COSMOS 970 DEB,DEBRIS,82.0,0.0003448753,829.348,883.842,98.7678,868.116,1086.104,65.7676,CIS
1463703926,35156,10877,COSMOS 970 DEB,DEBRIS,85.0,0.0003440904,829.348,883.842,98.7678,868.116,1086.104,65.7676,CIS
1464144279,35156,10877,COSMOS 970 DEB,DEBRIS,101.0,0.0002384786,829.348,883.842,98.7678,868.116,1086.104,65.7676,CIS
1465324709,35156,10877,COSMOS 970 DEB,DEBRIS,129.0,0.0001924897,829.348,883.842,98.7678,868.116,1086.104,65.7676,CIS
1464733807,35156,10877,COSMOS 970 DEB,DEBRIS,114.0,0.000215559,829.348,883.842,98.7678,868.116,1086.104,65.7676,CIS
1464280738,31085,29784,FENGYUN 1C DEB,DEBRIS,462.0,0.0001217782,728.638,852.13,98.975,746.63,830.264,98.9508,PRC
1465698606,31085,29784,FENGYUN 1C DEB,DEBRIS,462.0,0.0001119518,728.638,852.13,98.975,746.63,830.264,98.9508,PRC
1464985535,31085,29784,FENGYUN 1C DEB,DEBRIS,581.0,0.0001232562,728.638,852.13,98.975,746.63,830.264,98.9508,PRC
